Date,Silver_Actual,Silver_Predicted,Basket_Price,Price_Spread
2021-01-13,25.52,26.0146,23.4214,2.0986
2021-01-14,25.746,26.2148,23.2523,2.4937
2021-01-15,24.825,25.824,23.1222,1.7028
2021-01-19,25.279,26.0646,23.2699,2.0091
2021-01-20,25.734,26.2182,23.5133,2.2207
2021-01-21,25.822,26.3225,23.5386,2.2834
2021-01-22,25.524,26.1137,23.8336,1.6904
2021-01-25,25.455,26.2232,23.6179,1.8371
2021-01-26,25.529,26.1658,23.3847,2.1443
2021-01-27,25.376,25.891,23.4214,1.9546
2021-01-28,25.909,26.03,23.4932,2.4158
2021-01-29,26.9,26.1209,23.398,3.502
2021-02-01,29.398,26.2539,23.5682,5.8298
2021-02-02,26.384,25.9695,23.4073,2.9767
2021-02-03,26.878,28.0617,22.9141,3.9639
2021-02-04,26.223,27.2922,22.8297,3.3933
2021-02-05,27.014,27.4393,22.9772,4.0368
2021-02-08,27.57,27.3428,22.9945,4.5755
2021-02-09,27.396,27.2843,23.0823,4.3137
2021-02-10,27.074,27.3177,23.3556,3.7184
2021-02-11,27.042,27.0822,23.2719,3.7701
2021-02-12,27.323,26.9078,23.2488,4.0742
2021-02-16,27.319,26.4842,22.8868,4.4322
2021-02-17,27.314,26.5025,22.7832,4.5308
2021-02-18,27.077,26.6542,22.6763,4.4007
2021-02-19,27.252,26.5739,22.8414,4.4106
2021-02-22,28.083,26.7483,22.9388,5.1442
2021-02-23,27.686,26.6168,22.8986,4.7874
2021-02-24,27.857,26.5016,22.7029,5.1541
2021-02-25,27.637,26.2502,22.7336,4.9034
2021-02-26,26.402,25.8856,22.5408,3.8612
2021-03-01,26.647,25.803,22.6108,4.0362
2021-03-02,26.85,25.7869,22.5049,4.3451
2021-03-03,26.357,25.4028,22.5418,3.8152
2021-03-04,25.434,25.1746,22.4838,2.9502
2021-03-05,25.257,25.4524,22.3259,2.9311
2021-03-08,25.24,25.085,22.2714,2.9686
2021-03-09,26.148,25.5661,22.428,3.72
2021-03-10,26.102,25.6685,22.5737,3.5283
2021-03-11,26.162,25.7531,22.6387,3.5233
2021-03-12,25.88,25.9013,22.6384,3.2416
2021-03-15,26.253,26.1621,22.5508,3.7022
2021-03-16,25.974,25.932,22.5841,3.3899
2021-03-17,26.03,25.7087,22.6459,3.3841
2021-03-18,26.321,25.6516,22.8478,3.4732
2021-03-19,26.292,25.7483,22.8774,3.4146
2021-03-22,25.741,25.6941,22.8735,2.8675
2021-03-23,25.2,25.4414,22.7447,2.4553
2021-03-24,25.201,25.5078,22.8637,2.3373
2021-03-25,25.022,25.4415,22.9397,2.0823
2021-03-26,25.092,25.7235,22.9497,2.1423
2021-03-29,24.747,25.1737,22.866,1.881
2021-03-30,24.121,24.825,22.8514,1.2696
2021-03-31,24.517,25.2895,22.7434,1.7736
2021-04-01,24.935,25.3665,22.9521,1.9829
2021-04-05,24.763,25.4098,22.8931,1.8699
2021-04-06,25.212,25.6341,22.9851,2.2269
2021-04-07,25.233,25.519,22.9939,2.2391
2021-04-08,25.569,25.8331,22.9559,2.6131
2021-04-09,25.311,25.5917,22.823,2.488
2021-04-12,24.853,25.4304,22.8846,1.9684
2021-04-13,25.417,25.6418,22.9258,2.4912
2021-04-14,25.515,25.5551,22.6437,2.8713
2021-04-15,25.956,25.9485,22.8012,3.1548
2021-04-16,26.099,25.9803,22.8841,3.2149
2021-04-19,25.831,25.9861,22.7684,3.0626
2021-04-20,25.835,26.0232,22.7021,3.1329
2021-04-21,26.565,26.1756,22.6121,3.9529
2021-04-22,26.174,25.874,22.1391,4.0349
2021-04-23,26.077,25.9604,22.0769,4.0001
2021-04-26,26.211,26.0352,21.7612,4.4498
2021-04-27,26.412,26.9628,21.8045,4.6075
2021-04-28,26.081,26.335,21.8354,4.2456
2021-04-29,26.053,26.1862,21.7158,4.3372
2021-04-30,25.853,26.2238,21.533,4.32
2021-05-03,26.943,26.6298,21.865,5.078
2021-05-04,26.539,26.4453,21.6218,4.9172
2021-05-05,26.502,26.3887,21.506,4.996
2021-05-06,27.462,26.7514,21.6096,5.8524
2021-05-07,27.462,27.2731,21.5884,5.8736
2021-05-10,27.479,27.3229,21.9176,5.5614
2021-05-11,27.657,27.3783,21.7265,5.9305
2021-05-12,27.231,27.2205,21.6419,5.5891
2021-05-13,27.044,27.2449,22.0346,5.0094
2021-05-14,27.353,27.0921,22.199,5.154
2021-05-17,28.26,27.6071,22.7013,5.5587
2021-05-18,28.314,27.6889,22.7256,5.5884
2021-05-19,28.008,27.4978,23.0279,4.9801
2021-05-20,28.052,27.5169,23.0549,4.9971
2021-05-21,27.473,27.2735,23.0518,4.4212
2021-05-24,27.887,27.4922,23.1994,4.6876
2021-05-25,28.037,27.4232,23.425,4.612
2021-05-26,27.853,27.552,23.512,4.341
2021-05-27,27.919,27.7847,23.1173,4.8017
2021-05-28,27.993,27.8698,23.2773,4.7157
2021-06-01,28.083,27.6513,22.9503,5.1327
2021-06-02,28.186,27.4985,23.0256,5.1604
2021-06-03,27.46,27.0367,22.9198,4.5402
2021-06-04,27.879,27.206,22.8399,5.0391
2021-06-07,28.001,27.3203,23.0005,5.0005
2021-06-08,27.715,27.3316,22.8855,4.8295
2021-06-09,27.985,27.362,22.9275,5.0575
2021-06-10,28.015,27.3058,22.9361,5.0789
2021-06-11,28.131,27.2509,22.9378,5.1932
2021-06-14,28.024,27.0843,23.0184,5.0056
2021-06-15,27.679,26.8485,23.0534,4.6256
2021-06-16,27.8,27.0955,23.1164,4.6836
2021-06-17,25.844,26.1298,23.0158,2.8282
2021-06-18,25.958,25.974,22.6217,3.3363
2021-06-21,26.015,26.1451,22.6783,3.3367
2021-06-22,25.848,26.2485,22.7588,3.0892
2021-06-23,26.108,26.364,22.722,3.386
2021-06-24,26.047,26.2645,22.804,3.243
2021-06-25,26.082,26.2106,23.0238,3.0582
2021-06-28,26.218,26.333,22.8402,3.3778
2021-06-29,25.872,26.37,22.7287,3.1433
2021-06-30,26.165,26.285,22.3178,3.8472
2021-07-01,26.075,26.3266,22.4548,3.6202
2021-07-02,26.481,26.4136,22.6325,3.8485
2021-07-06,26.154,26.4085,23.1499,3.0041
2021-07-07,26.11,26.4212,23.1915,2.9185
2021-07-08,25.967,26.1955,23.2173,2.7497
2021-07-09,26.211,26.2439,23.2907,2.9203
2021-07-12,26.217,26.0446,22.9085,3.3085
2021-07-13,26.115,26.2881,22.9613,3.1537
2021-07-14,26.246,26.4115,22.8821,3.3639
2021-07-15,26.375,25.6799,22.9789,3.3961
2021-07-16,25.777,25.5029,22.7697,3.0073
2021-07-19,25.126,25.5072,22.7382,2.3878
2021-07-20,24.977,25.4493,22.656,2.321
2021-07-21,25.238,25.183,22.4854,2.7526
2021-07-22,25.365,25.1599,22.7285,2.6365
2021-07-23,25.218,25.4609,22.8091,2.4089
2021-07-26,25.295,25.4583,22.8299,2.4651
2021-07-27,24.632,25.7053,22.8683,1.7637
2021-07-28,24.856,25.0146,22.7767,2.0793
2021-07-29,25.764,24.7194,22.9008,2.8632
2021-07-30,25.528,24.3327,22.8666,2.6614
2021-08-02,25.557,24.5093,22.6178,2.9392
2021-08-03,25.566,25.0966,22.5851,2.9809
2021-08-04,25.446,24.9309,22.5814,2.8646
2021-08-05,25.277,24.9722,22.556,2.721
2021-08-06,24.312,24.2844,22.1315,2.1805
2021-08-09,23.255,23.8591,21.9255,1.3295
2021-08-10,23.377,23.9967,21.8265,1.5505
2021-08-11,23.474,24.1542,22.0394,1.4346
2021-08-12,23.105,24.0119,21.81,1.295
2021-08-13,23.768,24.2352,21.9213,1.8467
2021-08-16,23.78,24.1558,22.1763,1.6037
2021-08-17,23.648,23.9846,22.4202,1.2278
2021-08-18,23.412,23.9352,22.3518,1.0602
2021-08-19,23.22,23.4449,22.567,0.653
2021-08-20,23.105,23.7924,22.7124,0.3926
2021-08-23,23.649,23.9531,22.8539,0.7951
2021-08-24,23.89,23.9271,22.8065,1.0835
2021-08-25,23.771,23.7577,22.71,1.061
2021-08-26,23.546,23.6047,22.6324,0.9136
2021-08-27,24.06,24.0596,22.8156,1.2444
2021-08-30,23.96,24.3165,22.9428,1.0172
2021-08-31,23.96,23.7228,23.2654,0.6946
2021-09-01,24.177,23.6494,23.4021,0.7749
2021-09-02,23.875,23.6336,23.3682,0.5068
2021-09-03,24.762,23.8495,23.4344,1.3276
2021-09-07,24.334,23.6477,23.2565,1.0775
2021-09-08,24.012,23.4525,23.3022,0.7098
2021-09-09,24.133,23.7265,23.4686,0.6644
2021-09-10,23.855,23.8459,23.4475,0.4075
2021-09-13,23.753,23.809,23.4809,0.2721
2021-09-14,23.842,23.6787,23.4982,0.3438
2021-09-15,23.759,23.542,23.1102,0.6488
2021-09-16,22.752,23.01,22.8676,-0.1156
2021-09-17,22.295,22.9751,22.8948,-0.5998
2021-09-20,22.163,22.8406,23.1297,-0.9667
2021-09-21,22.573,23.0255,23.2811,-0.7081
2021-09-22,22.869,23.2366,23.1178,-0.2488
2021-09-23,22.642,22.8974,22.8273,-0.1853
2021-09-24,22.388,22.9955,22.8048,-0.4168
2021-09-27,22.657,22.9331,22.779,-0.122
2021-09-28,22.43,22.8241,22.8732,-0.4432
2021-09-29,21.459,22.6227,22.7378,-1.2788
2021-09-30,22.021,22.5178,22.9328,-0.9118
2021-10-01,22.51,22.7332,22.7246,-0.2146
2021-10-04,22.618,22.9665,22.8382,-0.2202
2021-10-05,22.582,22.657,22.8738,-0.2918
2021-10-06,22.506,22.714,22.9068,-0.4008
2021-10-07,22.632,22.9074,22.8842,-0.2522
2021-10-08,22.679,23.0156,22.967,-0.288
2021-10-11,22.64,23.2305,22.9902,-0.3502
2021-10-12,22.491,23.1992,23.0628,-0.5718
2021-10-13,23.149,23.9088,23.4283,-0.2793
2021-10-14,23.456,24.088,23.3692,0.0868
2021-10-15,23.328,24.0546,23.0652,0.2628
2021-10-18,23.243,23.9297,22.9829,0.2601
2021-10-19,23.862,23.9357,23.0154,0.8466
2021-10-20,24.424,24.0719,22.9674,1.4566
2021-10-21,24.15,23.8429,23.0734,1.0766
2021-10-22,24.429,23.8459,23.0658,1.3632
2021-10-25,24.572,23.9011,23.0443,1.5277
2021-10-26,24.086,23.6864,22.9949,1.0911
2021-10-27,24.189,23.3938,22.9515,1.2375
2021-10-28,24.117,23.6454,22.8665,1.2505
2021-10-29,23.945,23.3642,22.7269,1.2181
2021-11-01,24.064,23.4937,22.6008,1.4632
2021-11-02,23.5,23.3514,22.5998,0.9002
2021-11-03,23.226,23.0339,22.5485,0.6775
2021-11-04,23.906,23.2599,22.8547,1.0513
2021-11-05,24.152,23.5635,23.1043,1.0477
2021-11-08,24.537,23.743,23.1787,1.3583
2021-11-09,24.313,23.7781,23.0935,1.2195
2021-11-10,24.767,23.6942,23.0209,1.7461
2021-11-11,25.301,23.8542,23.0097,2.2913
2021-11-12,25.344,24.0053,22.9569,2.3871
2021-11-15,25.107,23.9031,22.82,2.287
2021-11-16,24.944,23.7517,22.9039,2.0401
2021-11-17,25.167,23.6933,22.8707,2.2963
2021-11-18,24.901,23.7187,22.8755,2.0255
2021-11-19,24.78,23.8475,22.7727,2.0073
2021-11-22,24.297,23.501,22.2541,2.0429
2021-11-23,23.435,23.3668,22.0299,1.4051
2021-11-24,23.496,23.4159,22.1717,1.3243
2021-11-26,23.107,23.0514,22.2597,0.8473
2021-11-29,22.799,23.2109,22.4017,0.3973
2021-11-30,22.765,23.1404,22.6854,0.0796
2021-12-01,22.299,23.1364,22.6764,-0.3774
2021-12-02,22.28,23.0048,22.282,-0.002
2021-12-03,22.445,23.077,22.4854,-0.0404
2021-12-06,22.228,23.0797,22.4561,-0.2281
2021-12-07,22.487,23.1357,22.4821,0.0049
2021-12-08,22.39,23.2479,22.4948,-0.1048
2021-12-09,21.974,23.0155,22.5836,-0.6096
2021-12-10,22.16,23.0577,22.5576,-0.3976
2021-12-13,22.29,23.1178,22.6214,-0.3314
2021-12-14,21.887,22.94,22.4882,-0.6012
2021-12-15,21.508,22.8983,22.6529,-1.1449
2021-12-16,22.455,23.119,22.7357,-0.2807
2021-12-17,22.507,23.1584,22.7415,-0.2345
2021-12-20,22.275,23.0895,22.6724,-0.3974
2021-12-21,22.502,23.1465,22.421,0.081
2021-12-22,22.792,23.2905,22.3516,0.4404
2021-12-23,22.931,23.3889,22.3103,0.6207
2021-12-27,22.979,23.5359,22.2836,0.6954
2021-12-28,23.111,23.4207,22.443,0.668
2021-12-29,22.848,23.306,22.4241,0.4239
2021-12-30,23.028,23.3049,22.6063,0.4217
2021-12-31,23.328,23.6449,22.7385,0.5895
2022-01-03,22.79,23.2498,22.609,0.181
2022-01-04,23.038,23.6929,22.4212,0.6168
2022-01-05,23.15,23.6751,22.6133,0.5367
2022-01-06,22.174,23.1455,22.5379,-0.3639
2022-01-07,22.394,23.2726,22.4641,-0.0701
2022-01-10,22.446,23.1908,22.5613,-0.1153
2022-01-11,22.806,23.5017,22.6023,0.2037
2022-01-12,23.2,23.7981,22.7068,0.4932
2022-01-13,23.155,23.7338,22.8403,0.3147
2022-01-14,22.911,23.3918,22.8499,0.0611
2022-01-18,23.487,23.3223,22.6384,0.8486
2022-01-19,24.226,23.716,22.6231,1.6029
2022-01-20,24.711,23.8977,22.5787,2.1323
2022-01-21,24.314,23.7277,22.6066,1.7074
2022-01-24,23.795,23.5928,22.5401,1.2549
2022-01-25,23.896,23.8378,22.4919,1.4041
2022-01-26,23.807,23.7218,22.4289,1.3781
2022-01-27,22.673,23.3494,22.3365,0.3365
2022-01-28,22.302,22.9995,22.1451,0.1569
2022-01-31,22.395,22.984,22.3476,0.0474
2022-02-01,22.596,23.0281,22.2224,0.3736
2022-02-02,22.711,23.3466,22.41,0.301
2022-02-03,22.375,23.1494,22.4242,-0.0492
2022-02-04,22.475,23.1081,22.3331,0.1419
2022-02-07,23.076,23.0554,22.3119,0.7641
2022-02-08,23.195,23.2403,22.3159,0.8791
2022-02-09,23.336,23.7388,22.2386,1.0974
2022-02-10,23.519,23.9018,22.4129,1.1061
2022-02-11,23.366,23.7122,22.2443,1.1217
2022-02-14,23.845,24.0725,22.4351,1.4099
2022-02-15,23.338,23.6898,22.5298,0.8082
2022-02-16,23.601,23.8919,22.5452,1.0558
2022-02-17,23.874,24.1977,22.6361,1.2379
2022-02-18,23.991,24.2075,22.626,1.365
2022-02-22,24.311,24.4809,22.2473,2.0637
2022-02-23,24.555,24.4472,21.9396,2.6154
2022-02-24,24.686,24.6178,21.678,3.008
2022-02-25,23.997,24.1064,22.2284,1.7686
2022-02-28,24.361,24.3386,21.4948,2.8662
2022-03-01,25.534,24.9045,21.0558,4.4782
2022-03-02,25.183,25.0117,20.5449,4.6381
2022-03-03,25.205,25.4483,18.9126,6.2924
2022-03-04,25.782,25.9104,18.6926,7.0894
2022-03-07,25.713,25.6698,18.3592,7.3538
2022-03-08,26.888,25.8077,19.7397,7.1483
2022-03-09,25.757,25.2853,19.9837,5.7733
2022-03-10,26.202,25.4022,20.928,5.274
2022-03-11,26.106,25.3596,20.7167,5.3893
2022-03-14,25.244,25.0906,20.6765,4.5675
2022-03-15,25.123,25.0109,19.984,5.139
2022-03-16,24.67,24.856,20.5176,4.1524
2022-03-17,25.584,25.2282,20.428,5.156
2022-03-18,25.055,25.1817,20.5946,4.4604
2022-03-21,25.282,25.1778,20.1077,5.1743
2022-03-22,24.885,24.9661,20.0557,4.8293
2022-03-23,25.17,25.2193,20.2039,4.9661
2022-03-24,25.9,25.1318,20.5695,5.3305
2022-03-25,25.595,25.0216,20.3862,5.2088
2022-03-28,25.176,25.0348,20.7441,4.4319
2022-03-29,24.716,24.8286,20.9406,3.7754
2022-03-30,25.103,24.8947,20.9211,4.1819
2022-03-31,25.121,24.9965,21.2616,3.8594
2022-04-01,24.642,24.6636,21.3057,3.3363
2022-04-04,24.584,24.8603,21.0955,3.4885
2022-04-05,24.528,24.9271,20.7298,3.7982
2022-04-06,24.455,24.8887,20.7929,3.6621
2022-04-07,24.733,24.8539,20.9805,3.7525
2022-04-08,24.819,24.9988,20.699,4.12
2022-04-11,24.978,24.7958,20.5869,4.3911
2022-04-12,25.725,25.116,20.5532,5.1718
2022-04-13,26.02,25.0136,20.5057,5.5143
2022-04-14,25.69,24.9869,20.5447,5.1453
2022-04-18,26.14,25.1639,20.3324,5.8076
2022-04-19,25.391,24.9952,20.3186,5.0724
2022-04-20,25.27,25.0067,20.2989,4.9711
2022-04-21,24.621,25.1049,20.4511,4.1699
2022-04-22,24.257,24.8886,20.4513,3.8057
2022-04-25,23.668,23.9545,20.2431,3.4249
2022-04-26,23.542,23.9037,20.1647,3.3773
2022-04-27,23.458,23.7032,20.0021,3.4559
2022-04-28,23.129,23.7075,20.0977,3.0313
2022-04-29,23.04,23.6385,20.4599,2.5801
2022-05-02,22.544,22.9676,20.2065,2.3375
2022-05-03,22.621,22.867,20.3751,2.2459
2022-05-04,22.362,22.7227,20.0947,2.2673
2022-05-05,22.4,22.41,19.9069,2.4931
2022-05-06,22.325,22.5831,20.0227,2.3023
2022-05-09,21.782,22.6938,20.0827,1.6993
2022-05-10,21.39,22.3109,19.9396,1.4504
2022-05-11,21.55,22.4835,19.7853,1.7647
2022-05-12,20.757,21.7204,19.0503,1.7067
2022-05-13,20.984,21.9285,18.8725,2.1115
2022-05-16,21.535,21.7804,18.4071,3.1279
2022-05-17,21.737,21.7669,18.1627,3.5743
2022-05-18,21.533,21.5559,18.571,2.962
2022-05-19,21.898,22.1231,18.9056,2.9924
2022-05-20,21.669,22.2657,19.1359,2.5331
2022-05-23,21.723,22.196,19.0239,2.6991
2022-05-24,22.063,22.2046,19.4436,2.6194
2022-05-25,21.86,21.9286,19.3877,2.4723
2022-05-26,21.941,21.854,19.3438,2.5972
2022-05-27,22.06,22.1382,19.2146,2.8454
2022-05-31,21.651,22.4167,19.8314,1.8196
2022-06-01,21.884,22.3314,20.2293,1.6547
2022-06-02,22.254,23.2043,20.1579,2.0961
2022-06-03,21.89,22.9389,20.2319,1.6581
2022-06-06,22.074,22.3656,19.7474,2.3266
2022-06-07,22.159,22.4293,19.879,2.28
2022-06-08,22.074,22.75,19.852,2.222
2022-06-09,21.797,22.4244,19.8037,1.9933
2022-06-10,21.913,22.3052,20.0124,1.9006
2022-06-13,21.236,21.9365,19.8038,1.4322
2022-06-14,20.936,22.253,19.8681,1.0679
2022-06-15,21.402,22.2265,19.8951,1.5069
2022-06-16,21.867,22.0906,19.8482,2.0188
2022-06-17,21.573,21.8982,20.0964,1.4766
2022-06-21,21.754,22.0623,20.6078,1.1462
2022-06-22,21.407,21.6877,20.6471,0.7599
2022-06-23,21.032,20.9917,21.0264,0.0056
2022-06-24,21.116,20.9775,21.0854,0.0306
2022-06-27,21.159,21.0031,21.1703,-0.0113
2022-06-28,20.797,20.9746,20.939,-0.142
2022-06-29,20.668,21.0489,20.933,-0.265
2022-06-30,20.282,21.2813,21.28,-0.998
2022-07-01,19.597,20.8707,21.5993,-2.0023
2022-07-05,19.052,20.1856,21.7622,-2.7102
2022-07-06,19.085,20.068,21.5687,-2.4837
2022-07-07,19.122,20.254,21.2968,-2.1748
2022-07-08,19.167,19.9641,20.7752,-1.6082
2022-07-11,19.067,19.653,20.9671,-1.9001
2022-07-12,18.899,19.4841,21.4363,-2.5373
2022-07-13,19.138,19.3781,21.5198,-2.3818
2022-07-14,18.169,19.0054,21.3866,-3.2176
2022-07-15,18.548,19.225,21.9622,-3.4142
2022-07-18,18.791,19.345,21.6619,-2.8709
2022-07-19,18.67,19.2931,21.7359,-3.0659
2022-07-20,18.639,19.0905,21.6756,-3.0366
2022-07-21,18.687,19.1616,21.9557,-3.2687
2022-07-22,18.585,19.3656,22.4064,-3.8214
2022-07-25,18.294,19.0968,22.154,-3.86
2022-07-26,18.487,19.0379,21.7496,-3.2626
2022-07-27,18.553,19.3465,21.7475,-3.1945
2022-07-28,19.827,19.725,21.665,-1.838
2022-07-29,20.156,20.2737,21.7639,-1.6079
2022-08-01,20.322,20.1002,21.9645,-1.6425
2022-08-02,20.105,20.3183,22.2482,-2.1432
2022-08-03,19.865,19.8976,22.2628,-2.3978
2022-08-04,20.099,20.0602,22.1929,-2.0939
2022-08-05,19.819,20.246,22.1243,-2.3053
2022-08-08,20.592,20.5776,22.1751,-1.5831
2022-08-09,20.458,20.6265,22.0524,-1.5944
2022-08-10,20.718,20.6407,21.9097,-1.1917
2022-08-11,20.326,20.6029,21.718,-1.392
2022-08-12,20.677,20.3277,21.8505,-1.1735
2022-08-15,20.251,20.0071,22.1386,-1.8876
2022-08-16,20.065,19.9304,22.3209,-2.2559
2022-08-17,19.711,19.7956,22.3645,-2.6535
2022-08-18,19.448,20.0488,22.5195,-3.0715
2022-08-19,19.058,20.0617,22.3273,-3.2693
2022-08-22,18.873,19.8082,22.0109,-3.1379
2022-08-23,19.012,20.0112,21.8621,-2.8501
2022-08-24,18.895,19.7386,21.7705,-2.8755
2022-08-25,19.111,20.0333,22.0598,-2.9488
2022-08-26,18.74,20.086,21.6984,-2.9584
2022-08-29,18.555,19.5186,21.5547,-2.9997
2022-08-30,18.159,19.3547,21.6871,-3.5281
2022-08-31,17.762,19.1999,21.5639,-3.8019
2022-09-01,17.551,18.8071,21.8128,-4.2618
2022-09-02,17.776,19.0287,21.6819,-3.9059
2022-09-06,17.795,19.3628,21.5802,-3.7852
2022-09-07,18.137,19.242,21.5242,-3.3872
2022-09-08,18.33,19.6798,21.5894,-3.2594
2022-09-09,18.658,19.7167,21.2266,-2.5686
2022-09-12,19.755,19.7689,21.2508,-1.4958
2022-09-13,19.39,19.5467,21.1286,-1.7386
2022-09-14,19.471,19.0432,21.0373,-1.5663
2022-09-15,19.175,19.3706,21.0759,-1.9009
2022-09-16,19.296,19.7617,21.0162,-1.7202
2022-09-19,19.273,19.7804,21.1724,-1.8994
2022-09-20,19.102,19.5858,20.5953,-1.4933
2022-09-21,19.411,19.4324,20.6081,-1.1971
2022-09-22,19.548,19.6388,20.6118,-1.0638
2022-09-23,18.841,19.3397,20.7879,-1.9469
2022-09-26,18.406,19.1398,20.8573,-2.4513
2022-09-27,18.257,19.2426,20.7847,-2.5277
2022-09-28,18.796,19.3572,20.7658,-1.9698
2022-09-29,18.611,19.6501,20.8242,-2.2132
2022-09-30,18.96,19.649,20.7406,-1.7806
2022-10-03,20.519,19.8921,20.9937,-0.4747
2022-10-04,21.037,20.0219,21.2027,-0.1657
2022-10-05,20.479,20.0579,21.1761,-0.6971
2022-10-06,20.595,19.8565,21.3902,-0.7952
2022-10-07,20.192,19.6476,21.2817,-1.0897
2022-10-10,19.556,19.7932,20.5971,-1.0411
2022-10-11,19.427,19.9023,20.9543,-1.5273
2022-10-12,18.878,19.8267,20.9989,-2.1209
2022-10-13,18.858,19.7782,20.9092,-2.0512
2022-10-14,18.015,19.8902,21.0146,-2.9996
2022-10-17,18.674,20.0875,21.1062,-2.4322
2022-10-18,18.571,19.9979,21.1682,-2.5972
2022-10-19,18.336,19.8867,21.0883,-2.7523
2022-10-20,18.666,20.2492,21.0062,-2.3402
2022-10-21,19.043,20.62,21.1127,-2.0697
2022-10-24,19.174,20.4403,21.2464,-2.0724
2022-10-25,19.339,20.2186,21.2637,-1.9247
2022-10-26,19.48,20.9139,21.2933,-1.8133
2022-10-27,19.478,20.9791,21.2993,-1.8213
2022-10-28,19.147,20.2777,21.2242,-2.0772
2022-10-31,19.125,19.6665,20.7431,-1.6181
2022-11-01,19.673,20.2068,20.5785,-0.9055
2022-11-02,19.6,20.2043,21.0239,-1.4239
2022-11-03,19.436,20.1146,20.9784,-1.5424
2022-11-04,20.79,21.0424,21.1598,-0.3698
2022-11-07,20.898,20.5347,21.2362,-0.3382
2022-11-08,21.477,21.2356,21.6165,-0.1395
2022-11-09,21.298,21.5099,21.7557,-0.4577
2022-11-10,21.677,21.6936,22.1066,-0.4296
2022-11-11,21.646,22.2885,22.0619,-0.4159
2022-11-14,22.092,22.0292,22.1164,-0.0244
2022-11-15,21.499,21.9121,21.9984,-0.4994
2022-11-16,21.504,21.7143,22.1422,-0.6382
2022-11-17,20.955,21.2521,22.1744,-1.2194
2022-11-18,20.976,21.0182,22.1258,-1.1498
2022-11-21,20.849,20.6062,22.0594,-1.2104
2022-11-22,21.034,20.8317,22.1483,-1.1143
2022-11-23,21.357,20.605,22.1417,-0.7847
2022-11-25,21.425,20.8452,22.3359,-0.9109
2022-11-28,20.91,20.9637,22.3498,-1.4398
2022-11-29,21.204,20.855,22.3921,-1.1881
2022-11-30,21.55,21.2732,22.2409,-0.6909
2022-12-01,22.637,21.9009,22.8143,-0.1773
2022-12-02,23.038,22.1979,22.9429,0.0951
2022-12-05,22.199,22.1602,22.9464,-0.7474
2022-12-06,22.123,22.2445,23.0109,-0.8879
2022-12-07,22.71,22.3883,22.9201,-0.2101
2022-12-08,23.063,22.4662,22.924,0.139
2022-12-09,23.535,22.5205,23.081,0.454
2022-12-12,23.22,22.0001,22.8454,0.3746
2022-12-13,23.801,22.1439,23.0632,0.7378
2022-12-14,23.946,22.467,23.0324,0.9136
2022-12-15,23.128,21.6899,22.6092,0.5188
2022-12-16,23.151,21.8786,22.7159,0.4351
2022-12-19,23.029,22.2071,22.7958,0.2332
2022-12-20,24.094,22.5097,22.9323,1.1617
2022-12-21,24.035,22.4866,22.7802,1.2548
2022-12-22,23.476,22.3063,22.6688,0.8072
2022-12-23,23.764,22.5003,22.5939,1.1701
2022-12-27,24.04,22.6501,22.715,1.325
2022-12-28,23.663,22.7749,22.5306,1.1324
2022-12-29,24.078,22.7622,22.6861,1.3919
2022-12-30,23.862,22.7295,22.5346,1.3274
2023-01-03,24.059,22.7642,22.8753,1.1837
2023-01-04,23.792,22.7502,23.2339,0.5581
2023-01-05,23.258,22.8195,23.1289,0.1291
2023-01-06,23.822,23.0105,23.2718,0.5502
2023-01-09,23.712,23.23,23.3378,0.3742
2023-01-10,23.507,22.9707,23.3853,0.1217
2023-01-11,23.327,23.0544,23.3213,0.0057
2023-01-12,23.863,23.2707,23.3753,0.4877
2023-01-13,24.231,23.457,23.4981,0.7329
2023-01-17,23.944,23.4503,23.3385,0.6055
2023-01-18,23.53,23.3849,23.4292,0.1008
2023-01-19,23.754,23.5651,23.6369,0.1171
2023-01-20,23.83,23.5373,23.6182,0.2118
2023-01-23,23.452,23.3574,23.8221,-0.3701
2023-01-24,23.649,23.4636,23.7392,-0.0902
2023-01-25,23.839,23.4799,23.7113,0.1277
2023-01-26,23.93,23.3476,23.4811,0.4489
2023-01-27,23.527,23.1923,23.5166,0.0104
2023-01-30,23.645,23.0601,23.4181,0.2269
2023-01-31,23.748,23.2428,23.3957,0.3523
2023-02-01,23.521,23.0555,23.4194,0.1016
2023-02-02,23.534,22.8243,23.313,0.221
2023-02-03,22.334,22.0925,22.9938,-0.6598
2023-02-06,22.177,22.136,23.0906,-0.9136
2023-02-07,22.117,22.2778,23.1521,-1.0351
2023-02-08,22.367,22.3484,23.0638,-0.6968
2023-02-09,22.097,22.2445,23.0573,-0.9603
2023-02-10,22.034,22.3042,22.762,-0.728
2023-02-13,21.818,22.3211,22.6294,-0.8114
2023-02-14,21.842,22.3809,22.7051,-0.8631
2023-02-15,21.546,21.9908,22.7293,-1.1833
2023-02-16,21.684,22.1548,22.8165,-1.1325
2023-02-17,21.694,22.0704,22.8125,-1.1185
2023-02-21,21.869,22.1211,22.8378,-0.9688
2023-02-22,21.661,21.9277,22.9701,-1.3091
2023-02-23,21.299,21.7083,22.8966,-1.5976
2023-02-24,20.806,21.4922,23.0979,-2.2919
2023-02-27,20.67,21.7042,23.2763,-2.6063
2023-02-28,20.961,21.9625,23.4694,-2.5084
2023-03-01,20.959,22.0707,23.438,-2.479
2023-03-02,20.766,21.9215,23.3563,-2.5903
2023-03-03,21.093,22.0158,23.4474,-2.3544
2023-03-06,20.984,21.7312,23.5328,-2.5488
2023-03-07,20.054,21.5763,23.3329,-3.2789
2023-03-08,20.005,21.48,23.4124,-3.4074
2023-03-09,20.025,21.6575,23.7339,-3.7089
2023-03-10,20.375,21.9102,23.8632,-3.4882
2023-03-13,21.793,22.5639,24.1889,-2.3959
2023-03-14,21.929,22.4369,24.04,-2.111
2023-03-15,21.774,22.8046,24.0922,-2.3182
2023-03-16,21.588,22.6359,24.049,-2.461
2023-03-17,22.351,23.5389,24.3431,-1.9921
2023-03-20,22.533,23.8283,24.4621,-1.9291
2023-03-21,22.324,22.9079,24.3471,-2.0231
2023-03-22,22.675,23.408,24.5863,-1.9113
2023-03-23,23.144,24.6461,24.9774,-1.8334
2023-03-24,23.247,24.327,24.6637,-1.4167
2023-03-27,23.054,23.7044,24.3509,-1.2969
2023-03-28,23.324,24.1419,24.4217,-1.0977
2023-03-29,23.376,23.9807,24.3031,-0.9271
2023-03-30,23.902,24.3444,24.5006,-0.5986
2023-03-31,24.076,24.1749,24.3373,-0.2613
2023-04-03,23.941,24.5063,24.4039,-0.4629
2023-04-04,25.022,24.9577,24.7013,0.3207
2023-04-05,24.963,25.0056,24.7839,0.1791
2023-04-06,25.025,24.849,24.8289,0.1961
2023-04-10,24.846,24.6197,24.6347,0.2113
2023-04-11,25.131,24.8518,24.7544,0.3766
2023-04-12,25.404,25.0262,24.7411,0.6629
2023-04-13,25.874,25.4618,25.0509,0.8231
2023-04-14,25.424,25.0029,24.6391,0.7849
2023-04-17,25.053,24.8231,24.4241,0.6289
2023-04-18,25.248,25.058,24.492,0.756
2023-04-19,25.366,24.8685,24.5722,0.7938
2023-04-20,25.368,25.0016,24.8076,0.5604
2023-04-21,25.053,24.673,24.7002,0.3528
2023-04-24,25.306,24.7509,24.9549,0.3511
2023-04-25,24.877,24.7256,25.0874,-0.2104
2023-04-26,24.871,24.7168,25.1402,-0.2692
2023-04-27,24.983,24.7022,25.3005,-0.3175
2023-04-28,24.999,24.7414,25.213,-0.214
2023-05-01,25.009,24.8636,25.2643,-0.2553
2023-05-02,25.404,25.1414,25.5674,-0.1634
2023-05-03,25.476,25.1598,25.4049,0.0711
2023-05-04,26.035,25.3632,25.4952,0.5398
2023-05-05,25.743,24.999,25.1081,0.6349
2023-05-08,25.636,25.1965,25.2068,0.4292
2023-05-09,25.698,25.2166,25.414,0.284
2023-05-10,25.461,25.1676,25.4111,0.0499
2023-05-11,24.255,24.6261,25.4186,-1.1636
2023-05-12,23.992,24.6312,25.359,-1.367
2023-05-15,24.127,23.9258,25.25,-1.123
2023-05-16,23.737,23.5703,25.2468,-1.5098
2023-05-17,23.752,23.6312,25.4459,-1.6939
2023-05-18,23.495,23.4461,25.4023,-1.9073
2023-05-19,23.92,23.5761,25.6567,-1.7367
2023-05-22,23.715,23.6113,25.5149,-1.7999
2023-05-23,23.474,23.4992,25.4101,-1.9361
2023-05-24,23.115,23.4244,25.4436,-2.3286
2023-05-25,22.786,23.3956,25.322,-2.536
2023-05-26,23.24,23.547,25.1874,-1.9474
2023-05-30,23.125,23.6244,25.5712,-2.4462
2023-05-31,23.474,23.6155,25.5844,-2.1104
2023-06-01,23.875,23.8033,25.4995,-1.6245
2023-06-02,23.643,23.7236,25.1731,-1.5301
2023-06-05,23.534,23.7277,25.2038,-1.6698
2023-06-06,23.574,23.8246,25.194,-1.62
2023-06-07,23.439,23.6684,25.1182,-1.6792
2023-06-08,24.264,23.8969,25.169,-0.905
2023-06-09,24.334,23.8608,25.0952,-0.7612
2023-06-12,23.985,23.7733,25.0214,-1.0364
2023-06-13,23.756,23.7297,24.8793,-1.1233
2023-06-14,24.044,23.8678,25.0306,-0.9866
2023-06-15,23.891,23.8409,24.6955,-0.8045
2023-06-16,24.076,23.6669,24.3919,-0.3159
2023-06-20,23.193,23.1715,24.1564,-0.9634
2023-06-21,22.774,22.964,23.7293,-0.9553
2023-06-22,22.436,22.6906,23.6084,-1.1724
2023-06-23,22.328,23.0038,23.7752,-1.4472
2023-06-26,22.805,22.9523,23.8068,-1.0018
2023-06-27,22.939,23.0494,24.1062,-1.1672
2023-06-28,22.868,23.3609,24.4671,-1.5991
2023-06-29,22.591,23.3315,24.4197,-1.8287
2023-06-30,22.81,23.6222,24.5235,-1.7135
2023-07-03,22.896,23.6988,24.5593,-1.6633
2023-07-05,23.197,23.5962,24.3442,-1.1472
2023-07-06,22.686,23.34,24.3935,-1.7075
2023-07-07,23.092,23.6041,24.6536,-1.5616
2023-07-10,23.151,23.5858,24.601,-1.45
2023-07-11,23.086,23.5883,24.5161,-1.4301
2023-07-12,24.119,23.9574,25.0009,-0.8819
2023-07-13,24.768,24.0866,24.8251,-0.0571
2023-07-14,25.014,23.9957,24.7643,0.2497
2023-07-17,24.844,23.8891,24.847,-0.003
2023-07-18,25.084,23.9242,24.8136,0.2704
2023-07-19,25.219,23.8578,24.3612,0.8578
2023-07-20,24.805,23.8655,24.3199,0.4851
2023-07-21,24.698,23.8848,24.5299,0.1681
2023-07-24,24.436,23.8134,23.9461,0.4899
2023-07-25,24.68,23.9015,23.954,0.726
2023-07-26,24.825,24.0544,24.2718,0.5532
2023-07-27,24.236,23.9133,24.2185,0.0175
2023-07-28,24.37,24.0253,24.488,-0.118
2023-07-31,24.854,24.0597,24.9546,-0.1006
2023-08-01,24.208,23.8857,24.8723,-0.6643
2023-08-02,23.754,23.7339,25.0026,-1.2486
2023-08-03,23.586,23.7885,25.0782,-1.4922
2023-08-04,23.617,23.7904,25.0509,-1.4339
2023-08-07,23.142,23.6193,24.8943,-1.7523
2023-08-08,22.717,23.4696,24.8048,-2.0878
2023-08-09,22.65,23.4988,24.9154,-2.2654
2023-08-10,22.746,23.4361,24.9234,-2.1774
2023-08-11,22.674,23.3558,25.0408,-2.3668
2023-08-14,22.644,23.3741,25.1324,-2.4884
2023-08-15,22.595,23.1677,25.3727,-2.7777
2023-08-16,22.48,23.1776,25.3072,-2.8272
2023-08-17,22.67,23.2161,25.2757,-2.6057
2023-08-18,22.695,23.2431,25.0526,-2.3576
2023-08-21,23.304,23.3281,25.2074,-1.9034
2023-08-22,23.42,23.3412,25.254,-1.834
2023-08-23,24.363,23.4822,25.2863,-0.9233
2023-08-24,24.211,23.4823,25.3465,-1.1355
2023-08-25,24.22,23.5209,25.3506,-1.1306
2023-08-28,24.238,23.5786,25.3893,-1.1513
2023-08-29,24.777,23.7152,25.6841,-0.9071
2023-08-30,24.734,23.6577,25.7026,-0.9686
2023-08-31,24.472,23.5852,25.7348,-1.2628
2023-09-01,24.232,23.6774,25.7857,-1.5537
2023-09-05,23.558,23.6052,25.6562,-2.0982
2023-09-06,23.206,23.4936,25.5207,-2.3147
2023-09-07,22.95,23.4587,25.6258,-2.6758
2023-09-08,22.892,23.4094,25.6643,-2.7723
2023-09-11,23.103,23.5771,25.765,-2.662
2023-09-12,23.127,23.4743,25.7073,-2.5803
2023-09-13,22.912,23.471,25.6208,-2.7088
2023-09-14,22.748,23.5212,25.6225,-2.8745
2023-09-15,23.126,23.4437,25.4237,-2.2977
2023-09-18,23.232,23.4195,25.6295,-2.3975
2023-09-19,23.194,23.4014,25.6845,-2.4905
2023-09-20,23.579,23.5257,25.727,-2.148
2023-09-21,23.444,23.319,25.7196,-2.2756
2023-09-22,23.596,23.3324,25.7227,-2.1267
2023-09-25,23.145,23.269,25.5812,-2.4362
2023-09-26,22.95,23.1976,25.4697,-2.5197
2023-09-27,22.477,23.1252,25.3356,-2.8586
2023-09-28,22.515,23.1413,25.2529,-2.7379
2023-09-29,22.236,23.1824,25.5193,-3.2833
2023-10-02,21.218,22.87,25.2017,-3.9837
2023-10-03,21.178,22.7746,25.1561,-3.9781
2023-10-04,20.956,22.7495,25.1782,-4.2222
2023-10-05,20.848,22.5917,24.9987,-4.1507
2023-10-06,21.54,22.7714,25.2024,-3.6624
2023-10-09,21.741,22.8592,25.313,-3.572
2023-10-10,21.776,22.9992,25.4788,-3.7028
2023-10-11,21.957,22.979,25.6106,-3.6536
2023-10-12,21.792,22.9526,25.3802,-3.5882
2023-10-13,22.727,23.0955,25.7455,-3.0185
2023-10-16,22.61,23.1331,25.7152,-3.1052
2023-10-17,22.863,23.1609,25.7555,-2.8925
2023-10-18,22.944,23.3024,25.8849,-2.9409
2023-10-19,22.887,23.4026,25.8471,-2.9601
2023-10-20,23.351,23.3198,26.0525,-2.7015
2023-10-23,23.072,23.2931,26.0451,-2.9731
2023-10-24,22.98,23.3805,26.0754,-3.0954
2023-10-25,22.877,23.3636,26.2572,-3.3802
2023-10-26,22.787,23.2521,26.2165,-3.4295
2023-10-27,22.77,23.4636,26.2156,-3.4456
2023-10-30,23.282,23.4822,26.3732,-3.0912
2023-10-31,22.841,23.4592,26.3625,-3.5215
2023-11-01,22.685,23.4367,26.2795,-3.5945
2023-11-02,22.751,23.5003,26.2783,-3.5273
2023-11-03,23.201,23.5759,26.1979,-2.9969
2023-11-06,23.149,23.6497,26.0776,-2.9286
2023-11-07,22.508,23.572,26.0231,-3.5151
2023-11-08,22.647,23.4091,25.7426,-3.0956
2023-11-09,22.831,23.4366,25.9774,-3.1464
2023-11-10,22.215,23.2821,25.8,-3.585
2023-11-13,22.299,23.535,25.7609,-3.4619
2023-11-14,23.079,23.6334,25.9105,-2.8315
2023-11-15,23.485,23.6814,25.9632,-2.4782
2023-11-16,23.892,23.7242,26.2307,-2.3387
2023-11-17,23.809,23.7535,26.2826,-2.4736
2023-11-20,23.579,23.87,26.2479,-2.6689
2023-11-21,23.843,23.9164,26.2923,-2.4493
2023-11-22,23.672,23.8105,26.2808,-2.6088
2023-11-24,24.329,23.8694,26.4684,-2.1394
2023-11-27,24.672,23.8624,26.663,-1.991
2023-11-28,24.93,23.9705,26.7499,-1.8199
2023-11-29,25.072,23.9391,26.7139,-1.6419
2023-11-30,25.293,23.9617,26.5352,-1.2422
2023-12-01,25.499,24.1308,26.7357,-1.2367
2023-12-04,24.555,23.7665,26.3326,-1.7776
2023-12-05,24.201,23.5885,26.0989,-1.8979
2023-12-06,23.889,23.5698,26.2389,-2.3499
2023-12-07,23.732,23.6443,26.1149,-2.3829
2023-12-08,22.971,23.5831,26.0003,-3.0293
2023-12-11,22.773,23.6355,25.9889,-3.2159
2023-12-12,22.728,23.536,25.8954,-3.1674
2023-12-13,22.639,23.5819,26.1254,-3.4864
2023-12-14,24.096,23.8789,26.3643,-2.2683
2023-12-15,23.87,23.6868,25.9859,-2.1159
2023-12-18,23.831,23.7642,26.1041,-2.2731
2023-12-19,24.04,23.7857,26.1731,-2.1331
2023-12-20,24.347,23.8383,26.2654,-1.9184
2023-12-21,24.307,23.8499,26.2857,-1.9787
2023-12-22,24.29,23.9029,26.3688,-2.0788
2023-12-26,24.144,23.8233,26.1858,-2.0418
2023-12-27,24.375,24.141,26.4475,-2.0725
2023-12-28,24.134,23.9787,26.3473,-2.2133
2023-12-29,23.853,23.7846,26.3301,-2.4771
2024-01-02,23.733,23.8618,26.5597,-2.8267
2024-01-03,22.946,23.7108,26.4149,-3.4689
2024-01-04,22.989,23.665,26.3886,-3.3996
2024-01-05,23.122,23.5592,26.4064,-3.2844
2024-01-08,23.12,23.5838,26.4762,-3.3562
2024-01-09,22.904,23.4251,26.3661,-3.4621
2024-01-10,22.884,23.3921,26.3554,-3.4714
2024-01-11,22.537,23.4198,26.3502,-3.8132
2024-01-12,23.162,23.3951,26.705,-3.543
2024-01-16,22.933,23.5294,26.6391,-3.7061
2024-01-17,22.516,23.2824,26.5296,-4.0136
2024-01-18,22.667,23.3903,26.5951,-3.9281
2024-01-19,22.571,23.4573,26.5908,-4.0198
2024-01-22,22.163,23.3882,26.5033,-4.3403
2024-01-23,22.334,23.4995,26.4959,-4.1619
2024-01-24,22.755,23.5603,26.3091,-3.5541
2024-01-25,22.808,23.4805,26.3588,-3.5508
2024-01-26,22.755,23.4794,26.4847,-3.7297
2024-01-29,23.138,23.603,26.6338,-3.4958
2024-01-30,23.107,23.7122,26.5307,-3.4237
2024-01-31,23.051,23.8445,26.7191,-3.6681
2024-02-01,23.13,23.7023,26.7407,-3.6107
2024-02-02,22.701,23.5362,26.6837,-3.9827
2024-02-05,22.335,23.4199,26.6754,-4.3404
2024-02-06,22.393,23.4864,26.6917,-4.2987
2024-02-07,22.278,23.2893,26.6739,-4.3959
2024-02-08,22.565,23.2809,26.7443,-4.1793
2024-02-09,22.528,23.1253,26.6489,-4.1209
2024-02-12,22.709,23.2397,26.5806,-3.8716
2024-02-13,22.096,23.061,26.4311,-4.3351
2024-02-14,22.331,23.0607,26.5423,-4.2113
2024-02-15,22.912,23.4014,26.7849,-3.8729
2024-02-16,23.439,23.6802,26.8707,-3.4317
2024-02-20,23.106,23.6975,26.8054,-3.6994
2024-02-21,22.851,23.6571,26.8156,-3.9646
2024-02-22,22.765,23.664,26.8356,-4.0706
2024-02-23,22.969,23.7364,27.0773,-4.1083
2024-02-26,22.517,23.5752,26.9552,-4.4382
2024-02-27,22.523,23.5675,26.9301,-4.4071
2024-02-28,22.41,23.6183,27.0167,-4.6067
2024-02-29,22.666,23.6504,27.0519,-4.3859
2024-03-01,23.15,23.9152,27.4373,-4.2873
2024-03-04,23.779,24.0196,27.6107,-3.8317
2024-03-05,23.763,24.1154,27.8851,-4.1221
2024-03-06,24.272,24.2546,28.1671,-3.8951
2024-03-07,24.37,24.39,28.1732,-3.8032
2024-03-08,24.339,24.4416,28.2451,-3.9061
2024-03-11,24.512,24.4798,28.1881,-3.6761
2024-03-12,24.194,24.4357,28.0156,-3.8216
2024-03-13,24.959,24.7598,28.1476,-3.1886
2024-03-14,24.874,24.6684,28.1754,-3.3014
2024-03-15,25.2,24.9174,28.0065,-2.8065
2024-03-18,25.091,24.7862,27.9412,-2.8502
2024-03-19,24.964,24.6003,27.8386,-2.8746
2024-03-20,24.933,24.6683,27.853,-2.92
2024-03-21,24.849,24.8937,28.0018,-3.1528
2024-03-22,24.692,24.504,27.8234,-3.1314
2024-03-25,24.745,24.6842,27.9078,-3.1628
2024-03-26,24.483,24.674,28.0289,-3.5459
2024-03-27,24.625,24.6959,28.1226,-3.4976
2024-03-28,24.797,24.9546,28.1823,-3.3853
2024-04-01,24.954,25.2349,28.3588,-3.4048
2024-04-02,25.804,25.5256,28.6558,-2.8518
2024-04-03,26.945,26.2182,28.7752,-1.8302
2024-04-04,27.14,26.3414,28.7374,-1.5974
2024-04-05,27.4,26.6711,28.9003,-1.5003
2024-04-08,27.712,26.8053,28.9528,-1.2408
2024-04-09,27.891,26.9062,29.1095,-1.2185
2024-04-10,27.961,26.764,29.0316,-1.0706
2024-04-11,28.176,26.9064,29.2731,-1.0971
2024-04-12,28.255,27.0759,29.219,-0.964
2024-04-15,28.651,27.4243,29.3552,-0.7042
2024-04-16,28.318,27.4987,29.5753,-1.2573
2024-04-17,28.346,27.4787,29.5292,-1.1832
2024-04-18,28.329,27.7518,29.6413,-1.3123
2024-04-19,28.808,28.059,29.6089,-0.8009
2024-04-22,27.213,27.342,28.9758,-1.7628
2024-04-23,27.331,27.2232,28.8153,-1.4843
2024-04-24,27.324,27.0737,28.7389,-1.4149
2024-04-25,27.342,27.3895,28.7143,-1.3723
2024-04-26,27.241,27.3954,28.7464,-1.5054
2024-04-29,27.373,27.6873,28.9005,-1.5275
2024-04-30,26.391,26.9668,28.6084,-2.2174
2024-05-01,26.489,27.0576,28.664,-2.175
2024-05-02,26.583,26.9706,28.528,-1.945
2024-05-03,26.445,27.1299,28.3656,-1.9206
2024-05-06,27.369,27.4212,28.2359,-0.8669
2024-05-07,27.303,27.3582,28.2613,-0.9583
2024-05-08,27.361,27.2129,28.3742,-1.0132
2024-05-09,28.132,27.3689,28.5118,-0.3798
2024-05-10,28.275,27.8563,28.5158,-0.2408
2024-05-13,28.221,27.8434,28.1121,0.1089
2024-05-14,28.485,28.2496,28.3462,0.1388
2024-05-15,29.514,28.5925,28.4801,1.0339
2024-05-16,29.665,28.3298,28.4439,1.2211
2024-05-17,31.047,28.8726,28.733,2.314
2024-05-20,32.205,29.0805,28.5464,3.6586
2024-05-21,31.868,29.0591,28.4293,3.4387
2024-05-22,31.295,28.332,28.2176,3.0774
2024-05-23,30.284,27.9126,27.8258,2.4582
2024-05-24,30.33,27.8109,27.7934,2.5366
2024-05-28,31.971,28.151,27.968,4.003
2024-05-29,32.203,27.8939,27.9722,4.2308
2024-05-30,31.388,27.5763,28.0979,3.2901
2024-05-31,30.297,27.3028,27.9965,2.3005
2024-06-03,30.641,27.5745,28.2451,2.3959
2024-06-04,29.488,27.1812,28.2225,1.2655
2024-06-05,29.948,27.5254,28.5106,1.4374
2024-06-06,31.247,27.8504,28.606,2.641
2024-06-07,29.335,26.9405,28.3075,1.0275
2024-06-10,29.769,27.1942,28.449,1.32
2024-06-11,29.133,27.0486,28.3321,0.8009
2024-06-12,30.176,27.4821,28.5887,1.5873
2024-06-13,28.99,27.0432,28.2961,0.6939
2024-06-14,29.402,27.4,28.6028,0.7992
2024-06-17,29.325,27.1116,28.686,0.639
2024-06-18,29.505,27.4691,28.8333,0.6717
2024-06-20,30.776,27.7877,29.1265,1.6495
2024-06-21,29.573,27.2214,28.9583,0.6147
2024-06-24,29.489,27.508,29.0903,0.3987
2024-06-25,28.837,27.0638,29.1233,-0.2863
2024-06-26,28.909,26.8084,29.0137,-0.1047
2024-06-27,28.918,26.8121,29.0845,-0.1665
2024-06-28,29.237,26.9424,29.1927,0.0443
2024-07-01,29.3,26.9899,29.054,0.246
2024-07-02,29.353,27.0204,29.0617,0.2913
2024-07-03,30.548,27.6366,29.3298,1.2182
2024-07-05,31.388,28.1005,29.3563,2.0317
2024-07-08,30.618,27.731,29.3323,1.2857
2024-07-09,30.772,27.686,29.3759,1.3961
2024-07-10,30.727,27.8781,29.5693,1.1577
2024-07-11,31.394,28.0226,29.7662,1.6278
2024-07-12,30.886,28.2348,29.9059,0.9801
2024-07-15,30.672,28.0073,30.1434,0.5286
2024-07-16,31.195,28.2699,30.3858,0.8092
2024-07-17,30.137,28.1009,30.2589,-0.1219
2024-07-18,29.995,27.6925,30.2815,-0.2865
2024-07-19,29.088,26.9394,29.8476,-0.7596
2024-07-22,29.124,26.9049,29.7242,-0.6002
2024-07-23,29.132,26.9889,29.8508,-0.7188
2024-07-24,29.116,26.8684,29.896,-0.78
2024-07-25,27.807,26.4415,29.5297,-1.7227
2024-07-26,27.86,26.5162,29.923,-2.063
2024-07-29,27.703,26.2415,29.8941,-2.1911
2024-07-30,28.365,26.3976,30.2053,-1.8403
2024-07-31,28.778,26.8524,30.3314,-1.5534
2024-08-01,28.331,26.6305,30.3756,-2.0446
2024-08-02,28.246,26.624,30.2409,-1.9949
2024-08-05,27.076,26.1386,30.0428,-2.9668
2024-08-06,27.096,26.0348,29.9659,-2.8699
2024-08-07,26.83,25.734,30.0413,-3.2113
2024-08-08,27.5,25.9878,30.2879,-2.7879
2024-08-09,27.487,26.2235,30.2882,-2.8012
2024-08-12,27.917,26.7868,30.5595,-2.6425
2024-08-13,27.695,26.7088,30.6998,-3.0048
2024-08-14,27.254,26.3647,30.486,-3.232
2024-08-15,28.342,26.7273,30.6901,-2.3481
2024-08-16,28.778,27.0989,31.0213,-2.2433
2024-08-19,29.24,27.3605,31.0042,-1.7642
2024-08-20,29.455,27.3675,31.0382,-1.5832
2024-08-21,29.476,27.5083,31.0971,-1.6211
2024-08-22,29.006,27.0365,31.0176,-2.0116
2024-08-23,29.786,27.5498,31.2656,-1.4796
2024-08-26,29.977,27.7256,31.3577,-1.3807
2024-08-27,29.951,27.7891,31.2447,-1.2937
2024-08-28,29.176,27.3082,31.1236,-1.9476
2024-08-29,29.557,27.5719,31.1646,-1.6076
2024-08-30,28.731,27.2743,30.8579,-2.1269
2024-09-03,27.951,26.8122,30.6501,-2.6991
2024-09-04,28.167,26.7691,30.5493,-2.3823
2024-09-05,28.72,27.1514,30.7001,-1.9801
2024-09-06,27.808,26.7339,30.6962,-2.8882
2024-09-09,28.291,27.093,30.7111,-2.4201
2024-09-10,28.257,26.9034,30.8146,-2.5576
2024-09-11,28.563,27.0113,30.7536,-2.1906
2024-09-12,29.743,27.5989,30.9902,-1.2472
2024-09-13,30.699,27.9681,31.1386,-0.4396
2024-09-16,30.771,28.2076,30.9988,-0.2278
2024-09-17,30.619,28.1279,30.9001,-0.2811
2024-09-18,30.341,28.3096,30.9283,-0.5873
2024-09-19,31.094,28.6315,31.134,-0.04
2024-09-20,31.176,28.834,31.3444,-0.1684
2024-09-23,30.767,28.8927,31.2038,-0.4368
2024-09-24,32.111,29.507,31.3894,0.7216
2024-09-25,31.698,29.5252,31.3346,0.3634
2024-09-26,32.025,29.9584,31.4594,0.5656
2024-09-27,31.519,29.6752,31.2467,0.2723
2024-09-30,31.164,29.4764,31.16,0.004
2024-10-01,31.445,29.7264,31.2475,0.1975
2024-10-02,31.628,29.5864,30.976,0.652
2024-10-03,32.189,29.4939,31.1651,1.0239
2024-10-04,32.128,29.5122,31.2053,0.9227
2024-10-07,31.745,29.43,31.1674,0.5776
2024-10-08,30.355,28.8462,31.007,-0.652
2024-10-09,30.425,28.6344,30.9132,-0.4882
2024-10-10,31.005,28.7733,30.9929,0.0121
2024-10-11,31.52,29.2808,31.3074,0.2126
2024-10-14,31.083,29.0297,31.3828,-0.2998
2024-10-15,31.527,28.9701,31.5517,-0.0247
2024-10-16,31.76,29.1466,31.6063,0.1537
2024-10-17,31.573,29.1643,31.6739,-0.1009
2024-10-18,33.032,29.5635,31.9887,1.0433
2024-10-21,33.869,29.6154,32.0282,1.8408
2024-10-22,34.831,29.8796,32.1037,2.7273
2024-10-23,33.64,29.5329,31.8693,1.7707
2024-10-24,33.611,29.6821,31.9803,1.6307
2024-10-25,33.603,29.7947,32.1388,1.4642
2024-10-28,33.83,29.8292,32.262,1.568
2024-10-29,34.269,29.9442,32.3642,1.9048
2024-10-30,33.914,29.9743,32.4654,1.4486
2024-10-31,32.653,29.6117,32.1341,0.5189
2024-11-01,32.542,29.7547,32.1451,0.3969
2024-11-04,32.48,29.893,32.1058,0.3742
2024-11-05,32.655,30.0538,32.0831,0.5719
2024-11-06,31.221,28.8527,31.5744,-0.3534
2024-11-07,31.765,29.7119,31.7439,0.0211
2024-11-08,31.359,29.2981,31.6591,-0.3001
2024-11-11,30.54,28.4099,31.1854,-0.6454
2024-11-12,30.686,28.115,31.2356,-0.5496
2024-11-13,30.59,27.8411,31.1879,-0.5979
2024-11-14,30.508,27.8271,31.2444,-0.7364
2024-11-15,30.371,27.7589,31.1515,-0.7805
2024-11-18,31.163,28.2226,31.3414,-0.1784
2024-11-19,31.208,28.3348,31.4568,-0.2488
2024-11-20,30.956,28.4656,31.5897,-0.6337
2024-11-21,30.912,28.4906,31.8093,-0.8973
2024-11-22,31.309,28.7395,32.0951,-0.7861
2024-11-25,30.21,28.0993,31.5177,-1.3077
2024-11-26,30.388,27.9034,31.5352,-1.1472
2024-11-27,30.111,28.2063,31.6763,-1.5653
2024-11-29,30.685,28.3949,31.8172,-1.1322
2024-12-02,30.449,28.2215,31.6299,-1.1809
2024-12-03,31.077,28.5885,31.6956,-0.6186
2024-12-04,31.505,28.6242,31.7741,-0.2691
2024-12-05,31.134,28.3817,31.4945,-0.3605
2024-12-06,31.186,28.52,31.5931,-0.4071
2024-12-09,32.216,28.943,31.7717,0.4443
2024-12-10,32.363,29.274,31.9756,0.3874
2024-12-11,32.562,29.4614,32.208,0.354
2024-12-12,31.228,29.03,31.9414,-0.7134
2024-12-13,30.655,28.7585,31.8388,-1.1838
2024-12-16,30.697,28.6321,31.616,-0.919
2024-12-17,30.573,28.386,31.6233,-1.0503
2024-12-18,30.41,28.3059,31.6666,-1.2566
2024-12-19,29.094,27.7561,31.3995,-2.3055
2024-12-20,29.66,28.0782,31.6124,-1.9524
2024-12-23,29.888,27.8721,31.4539,-1.5659
2024-12-24,29.974,27.9592,31.5328,-1.5588
2024-12-26,30.047,28.2815,31.5794,-1.5324
2024-12-27,29.655,28.1096,31.4077,-1.7527
2024-12-30,29.106,27.84,31.3187,-2.2127
2024-12-31,28.94,27.9283,31.4153,-2.4753
