Date,Open,High,Low,Close,Adj Close,Volume
"Sep 01, 2022",3936.73,4119.28,3610.4,3640.47,3640.47,88667050000
"Aug 01, 2022",4112.38,4325.28,3954.53,3955.0,3955.0,78088520000
"Jul 01, 2022",3781.0,4140.15,3721.56,4130.29,4130.29,68021140000
"Jun 01, 2022",4149.78,4177.51,3636.87,3785.38,3785.38,86799060000
"May 01, 2022",4130.61,4307.66,3810.32,4132.15,4132.15,89128130000
"Apr 01, 2022",4540.32,4593.45,4124.28,4131.93,4131.93,74784850000
"Mar 01, 2022",4363.14,4637.3,4157.87,4530.41,4530.41,100978320000
"Feb 01, 2022",4519.57,4595.31,4114.65,4373.94,4373.94,73167790000
"Jan 01, 2022",4778.14,4818.62,4222.62,4515.55,4515.55,73279440000
"Dec 01, 2021",4602.82,4808.93,4495.12,4766.18,4766.18,68699830000
"Nov 01, 2021",4610.62,4743.83,4560.0,4567.0,4567.0,67520800000
"Oct 01, 2021",4317.16,4608.08,4278.94,4605.38,4605.38,61874700000
"Sep 01, 2021",4528.8,4545.85,4305.91,4307.54,4307.54,66268850000
"Aug 01, 2021",4406.86,4537.36,4367.73,4522.68,4522.68,63217960000
"Jul 01, 2021",4300.73,4429.97,4233.13,4395.26,4395.26,66496430000
"Jun 01, 2021",4216.52,4302.43,4164.4,4297.5,4297.5,85705180000
"May 01, 2021",4191.98,4238.04,4056.88,4204.11,4204.11,75155370000
"Apr 01, 2021",3992.78,4218.78,3992.78,4181.17,4181.17,82869290000
"Mar 01, 2021",3842.51,3994.41,3723.34,3972.89,3972.89,120863560000
"Feb 01, 2021",3731.17,3950.43,3725.62,3811.15,3811.15,98596960000
"Jan 01, 2021",3764.61,3870.9,3662.71,3714.24,3714.24,105548790000
"Dec 01, 2020",3645.87,3760.2,3633.4,3756.07,3756.07,96056410000
"Nov 01, 2020",3296.2,3645.99,3279.74,3621.63,3621.63,100977880000
"Oct 01, 2020",3385.87,3549.85,3233.94,3269.96,3269.96,89737600000
"Sep 01, 2020",3507.44,3588.11,3209.45,3363.0,3363.0,92084120000
"Aug 01, 2020",3288.26,3514.77,3284.53,3500.31,3500.31,84402300000
"Jul 01, 2020",3105.92,3279.99,3101.17,3271.12,3271.12,97197020000
"Jun 01, 2020",3038.78,3233.13,2965.66,3100.29,3100.29,131044000000
"May 01, 2020",2869.09,3068.67,2766.64,3044.31,3044.31,106799100000
"Apr 01, 2020",2498.08,2954.86,2447.49,2912.43,2912.43,123163450000
"Mar 01, 2020",2974.28,3136.72,2191.86,2584.59,2584.59,161801100000
"Feb 01, 2020",3235.66,3393.52,2855.84,2954.22,2954.22,84292270000
"Jan 01, 2020",3244.67,3337.77,3214.64,3225.52,3225.52,77104420000
"Dec 01, 2019",3143.85,3247.93,3070.33,3230.78,3230.78,72054000000
"Nov 01, 2019",3050.72,3154.26,3050.72,3140.98,3140.98,72179920000
"Oct 01, 2019",2983.69,3050.1,2855.94,3037.56,3037.56,77564550000
"Sep 01, 2019",2909.01,3021.99,2891.85,2976.74,2976.74,73992330000
"Aug 01, 2019",2980.32,3013.59,2822.12,2926.46,2926.46,79599440000
"Jul 01, 2019",2971.41,3027.98,2952.22,2980.38,2980.38,70349470000
"Jun 01, 2019",2751.53,2964.15,2728.81,2941.76,2941.76,70904280000
"May 01, 2019",2952.33,2954.13,2750.52,2752.06,2752.06,76860120000
"Apr 01, 2019",2848.63,2949.52,2848.63,2945.83,2945.83,69604840000
"Mar 01, 2019",2798.22,2860.31,2722.27,2834.4,2834.4,78596280000
"Feb 01, 2019",2702.32,2813.49,2681.83,2784.49,2784.49,70183430000
"Jan 01, 2019",2476.96,2708.95,2443.96,2704.1,2704.1,80401630000
"Dec 01, 2018",2790.5,2800.18,2346.58,2506.85,2506.85,83522570000
"Nov 01, 2018",2717.58,2815.15,2631.09,2760.17,2760.17,80080110000
"Oct 01, 2018",2926.29,2939.86,2603.54,2711.74,2711.74,91327930000
"Sep 01, 2018",2896.96,2940.91,2864.12,2913.98,2913.98,62492080000
"Aug 01, 2018",2821.17,2916.5,2796.34,2901.52,2901.52,69238220000
"Jul 01, 2018",2704.95,2848.03,2698.95,2816.29,2816.29,64542170000
"Jun 01, 2018",2718.7,2791.47,2691.99,2718.37,2718.37,77439710000
"May 01, 2018",2642.96,2742.24,2594.62,2705.27,2705.27,75617280000
"Apr 01, 2018",2633.45,2717.49,2553.8,2648.05,2648.05,69648590000
"Mar 01, 2018",2715.22,2801.9,2585.89,2640.87,2640.87,76369800000
"Feb 01, 2018",2816.45,2835.96,2532.69,2713.83,2713.83,79579410000
"Jan 01, 2018",2683.73,2872.87,2682.36,2823.81,2823.81,76860120000
"Dec 01, 2017",2645.1,2694.97,2605.52,2673.61,2673.61,65251190000
"Nov 01, 2017",2583.21,2657.74,2557.45,2647.58,2647.58,73173260000
"Oct 01, 2017",2521.2,2582.98,2520.4,2575.26,2575.26,70871570000
"Sep 01, 2017",2474.42,2519.44,2446.55,2519.36,2519.36,66337980000
"Aug 01, 2017",2477.1,2490.87,2417.35,2471.65,2471.65,70616030000
"Jul 01, 2017",2431.39,2484.04,2407.7,2470.3,2470.3,63169400000
"Jun 01, 2017",2415.65,2453.82,2405.7,2423.41,2423.41,81002490000
"May 01, 2017",2388.5,2418.71,2352.72,2411.8,2411.8,79607170000
"Apr 01, 2017",2362.34,2398.16,2328.95,2384.2,2384.2,65265670000
"Mar 01, 2017",2380.13,2400.98,2322.25,2362.72,2362.72,81547770000
"Feb 01, 2017",2285.59,2371.54,2271.65,2363.64,2363.64,69162420000
"Jan 01, 2017",2251.57,2300.99,2245.13,2278.87,2278.87,70483180000
"Dec 01, 2016",2200.17,2277.53,2187.44,2238.83,2238.83,75251240000
"Nov 01, 2016",2128.68,2214.1,2083.79,2198.81,2198.81,88299760000
"Oct 01, 2016",2164.33,2169.6,2114.72,2126.15,2126.15,73196630000
"Sep 01, 2016",2171.33,2187.87,2119.12,2168.27,2168.27,77270240000
"Aug 01, 2016",2173.15,2193.81,2147.58,2170.95,2170.95,75610310000
"Jul 01, 2016",2099.34,2177.09,2074.02,2173.6,2173.6,69530250000
"Jun 01, 2016",2093.94,2120.55,1991.68,2098.86,2098.86,86852700000
"May 01, 2016",2067.17,2103.48,2025.91,2096.95,2096.95,78883600000
"Apr 01, 2016",2056.62,2111.05,2033.8,2065.3,2065.3,81124990000
"Mar 01, 2016",1937.09,2072.21,1937.09,2059.74,2059.74,92639420000
"Feb 01, 2016",1936.94,1962.96,1810.1,1932.23,1932.23,93049560000
"Jan 01, 2016",2038.2,2038.2,1812.29,1940.24,1940.24,92409770000
"Dec 01, 2015",2082.93,2104.27,1993.26,2043.94,2043.94,83649260000
"Nov 01, 2015",2080.76,2116.48,2019.39,2080.41,2080.41,75943590000
"Oct 01, 2015",1919.65,2094.32,1893.7,2079.36,2079.36,85844900000
"Sep 01, 2015",1970.09,2020.86,1871.91,1920.03,1920.03,79989370000
"Aug 01, 2015",2104.49,2112.66,1867.01,1972.18,1972.18,84626790000
"Jul 01, 2015",2067.0,2132.82,2044.02,2103.84,2103.84,77920590000
"Jun 01, 2015",2108.64,2129.87,2056.32,2063.11,2063.11,73213980000
"May 01, 2015",2087.38,2134.72,2067.93,2107.39,2107.39,65187730000
"Apr 01, 2015",2067.63,2125.92,2048.38,2085.51,2085.51,72060940000
"Mar 01, 2015",2105.23,2117.52,2039.69,2067.89,2067.89,76675850000
"Feb 01, 2015",1996.67,2119.59,1980.9,2104.5,2104.5,68775560000
"Jan 01, 2015",2058.9,2072.36,1988.12,1994.99,1994.99,77330040000
"Dec 01, 2014",2065.78,2093.55,1972.56,2058.9,2058.9,80743820000
"Nov 01, 2014",2018.21,2075.76,2001.01,2067.56,2067.56,63600190000
"Oct 01, 2014",1971.44,2018.19,1820.66,2018.05,2018.05,93714040000
"Sep 01, 2014",2004.07,2019.26,1964.04,1972.29,1972.29,66706000000
"Aug 01, 2014",1929.8,2005.04,1904.78,2003.37,2003.37,58131140000
"Jul 01, 2014",1962.29,1991.39,1930.67,1930.67,1930.67,66524690000
"Jun 01, 2014",1923.87,1968.17,1915.98,1960.23,1960.23,63283380000
"May 01, 2014",1884.39,1924.03,1859.79,1923.57,1923.57,63623630000
"Apr 01, 2014",1873.96,1897.28,1814.36,1883.95,1883.95,71595810000
"Mar 01, 2014",1857.68,1883.97,1834.44,1872.34,1872.34,71885030000
"Feb 01, 2014",1782.68,1867.92,1737.92,1859.45,1859.45,69725590000
"Jan 01, 2014",1845.86,1850.84,1770.45,1782.59,1782.59,75871910000
"Dec 01, 2013",1806.55,1849.44,1767.99,1848.36,1848.36,64958820000
"Nov 01, 2013",1758.7,1813.55,1746.2,1805.81,1805.81,63628190000
"Oct 01, 2013",1682.41,1775.22,1646.47,1756.54,1756.54,76647400000
"Sep 01, 2013",1635.95,1729.86,1633.41,1681.55,1681.55,66174410000
"Aug 01, 2013",1689.42,1709.67,1627.47,1632.97,1632.97,64802810000
"Jul 01, 2013",1609.78,1698.78,1604.57,1685.73,1685.73,68106820000
"Jun 01, 2013",1631.71,1654.19,1560.33,1606.28,1606.28,74946790000
"May 01, 2013",1597.55,1687.18,1581.28,1630.74,1630.74,76447250000
"Apr 01, 2013",1569.18,1597.57,1536.03,1597.57,1597.57,77098000000
"Mar 01, 2013",1514.68,1570.28,1501.48,1569.19,1569.19,68527110000
"Feb 01, 2013",1498.11,1530.94,1485.01,1514.68,1514.68,69273480000
"Jan 01, 2013",1426.19,1509.94,1426.19,1498.11,1498.11,75848510000
"Dec 01, 2012",1416.34,1448.0,1398.11,1426.19,1426.19,66388180000
"Nov 01, 2012",1412.2,1434.27,1343.35,1416.18,1416.18,71489310000
"Oct 01, 2012",1440.9,1470.96,1403.28,1412.16,1412.16,71752320000
"Sep 01, 2012",1406.54,1474.51,1396.56,1440.67,1440.67,69784280000
"Aug 01, 2012",1379.32,1426.68,1354.65,1406.58,1406.58,70283810000
"Jul 01, 2012",1362.33,1391.74,1325.41,1379.32,1379.32,73103810000
"Jun 01, 2012",1309.87,1363.46,1266.74,1362.16,1362.16,81582440000
"May 01, 2012",1397.86,1415.32,1291.98,1310.33,1310.33,86920490000
"Apr 01, 2012",1408.47,1422.38,1357.38,1397.91,1397.91,74761710000
"Mar 01, 2012",1365.9,1419.15,1340.03,1408.47,1408.47,83899660000
"Feb 01, 2012",1312.45,1378.04,1312.45,1365.68,1365.68,78385710000
"Jan 01, 2012",1258.86,1333.47,1258.86,1312.41,1312.41,79567560000
"Dec 01, 2011",1246.91,1269.37,1202.37,1257.6,1257.6,74742430000
"Nov 01, 2011",1251.0,1277.55,1158.66,1246.96,1246.96,84275050000
"Oct 01, 2011",1131.21,1292.66,1074.77,1253.3,1253.3,98063670000
"Sep 01, 2011",1219.12,1229.29,1114.22,1131.42,1131.42,102786820000
"Aug 01, 2011",1292.59,1307.38,1101.54,1218.89,1218.89,108419170000
"Jul 01, 2011",1320.64,1356.48,1282.86,1292.28,1292.28,81102170000
"Jun 01, 2011",1345.2,1345.2,1258.07,1320.64,1320.64,86122730000
"May 01, 2011",1365.21,1370.58,1311.8,1345.2,1345.2,81708980000
"Apr 01, 2011",1329.48,1364.56,1294.7,1363.61,1363.61,77364810000
"Mar 01, 2011",1328.64,1332.28,1249.05,1325.83,1325.83,89507640000
"Feb 01, 2011",1289.14,1344.07,1289.14,1327.22,1327.22,59223660000
"Jan 01, 2011",1257.62,1302.67,1257.62,1286.12,1286.12,92164940000
"Dec 01, 2010",1186.6,1262.6,1186.6,1257.64,1257.64,80984530000
"Nov 01, 2010",1185.71,1227.08,1173.0,1180.55,1180.55,87151070000
"Oct 01, 2010",1143.49,1196.14,1131.87,1183.26,1183.26,89536270000
"Sep 01, 2010",1049.72,1157.16,1049.72,1141.2,1141.2,79589450000
"Aug 01, 2010",1107.53,1129.24,1039.7,1049.33,1049.33,85738250000
"Jul 01, 2010",1031.1,1120.95,1010.91,1101.6,1101.6,94778110000
"Jun 01, 2010",1087.3,1131.23,1028.33,1030.71,1030.71,110106750000
"May 01, 2010",1188.58,1205.13,1040.78,1089.41,1089.41,127662780000
"Apr 01, 2010",1171.23,1219.8,1170.69,1186.69,1186.69,116741910000
"Mar 01, 2010",1105.36,1180.69,1105.36,1169.43,1169.43,103683550000
"Feb 01, 2010",1073.89,1112.42,1044.5,1104.49,1104.49,84561340000
"Jan 01, 2010",1116.56,1150.45,1071.59,1073.87,1073.87,90947580000
"Dec 01, 2009",1098.89,1130.38,1085.89,1115.1,1115.1,89515330000
"Nov 01, 2009",1036.18,1113.69,1029.38,1095.63,1095.63,84981530000
"Oct 01, 2009",1054.91,1101.36,1019.95,1036.19,1036.19,113410990000
"Sep 01, 2009",1019.52,1080.15,991.97,1057.08,1057.08,112295490000
"Aug 01, 2009",990.22,1039.47,978.51,1020.62,1020.62,116059270000
"Jul 01, 2009",920.82,996.68,869.32,987.48,987.48,106635790000
"Jun 01, 2009",923.26,956.23,888.86,919.32,919.32,112653150000
"May 01, 2009",872.74,930.17,866.1,919.14,919.14,131614940000
"Apr 01, 2009",793.59,888.7,783.32,872.81,872.81,138855320000
"Mar 01, 2009",729.57,832.98,666.79,797.87,797.87,161843640000
"Feb 01, 2009",823.09,875.01,734.52,735.09,735.09,124492210000
"Jan 01, 2009",902.99,943.85,804.3,825.88,825.88,112090640000
"Dec 01, 2008",888.61,918.85,815.69,903.25,903.25,112884470000
"Nov 01, 2008",968.67,1007.51,741.02,896.24,896.24,115660210000
"Oct 01, 2008",1164.17,1167.03,839.8,968.75,968.75,159823030000
"Sep 01, 2008",1287.83,1303.04,1106.42,1166.36,1166.36,140007320000
"Aug 01, 2008",1269.42,1313.15,1247.45,1282.83,1282.83,86266010000
"Jul 01, 2008",1276.69,1292.17,1200.44,1267.38,1267.38,124980570000
"Jun 01, 2008",1399.62,1404.05,1272.0,1280.0,1280.0,96614040000
"May 01, 2008",1385.97,1440.24,1373.07,1400.38,1400.38,80990480000
"Apr 01, 2008",1326.41,1404.57,1324.35,1385.59,1385.59,85978630000
"Mar 01, 2008",1330.45,1359.68,1256.98,1322.7,1322.7,93189170000
"Feb 01, 2008",1378.6,1396.02,1316.75,1330.63,1330.63,78536130000
"Jan 01, 2008",1467.97,1471.77,1270.05,1378.55,1378.55,98475340000
"Dec 01, 2007",1479.63,1523.57,1435.65,1468.36,1468.36,64821670000
"Nov 01, 2007",1545.79,1545.79,1406.1,1481.14,1481.14,86246950000
"Oct 01, 2007",1527.29,1576.09,1489.56,1549.38,1549.38,76022580000
"Sep 01, 2007",1473.96,1538.74,1439.29,1526.75,1526.75,57809700000
"Aug 01, 2007",1455.18,1503.89,1370.6,1473.99,1473.99,91381760000
"Jul 01, 2007",1504.66,1555.9,1454.25,1455.27,1455.27,70337430000
"Jun 01, 2007",1530.62,1540.56,1484.18,1503.35,1503.35,65322800000
"May 01, 2007",1482.37,1535.56,1476.7,1530.62,1530.62,64958050000
"Apr 01, 2007",1420.83,1498.02,1416.37,1482.37,1482.37,57032470000
"Mar 01, 2007",1406.8,1438.89,1363.98,1420.86,1420.86,67622250000
"Feb 01, 2007",1437.9,1461.57,1389.42,1406.82,1406.82,51844990000
"Jan 01, 2007",1418.03,1441.61,1403.97,1438.24,1438.24,56686200000
"Dec 01, 2006",1400.63,1431.81,1385.93,1418.3,1418.3,47578780000
"Nov 01, 2006",1377.76,1407.89,1360.98,1400.63,1400.63,55343930000
"Oct 01, 2006",1335.82,1389.45,1327.1,1377.94,1377.94,56793620000
"Sep 01, 2006",1303.8,1340.28,1290.93,1335.85,1335.85,49001440000
"Aug 01, 2006",1278.53,1306.74,1261.3,1303.82,1303.82,50485620000
"Jul 01, 2006",1270.06,1280.42,1224.54,1276.66,1276.66,46348220000
"Jun 01, 2006",1270.05,1290.68,1219.29,1270.2,1270.2,54873260000
"May 01, 2006",1310.61,1326.7,1245.34,1270.09,1270.09,54312830000
"Apr 01, 2006",1302.88,1318.16,1280.74,1310.61,1310.61,43308430000
"Mar 01, 2006",1280.66,1310.88,1268.42,1294.87,1294.87,50905040000
"Feb 01, 2006",1280.08,1297.57,1253.61,1280.66,1280.66,42859940000
"Jan 01, 2006",1248.29,1294.9,1245.74,1280.08,1280.08,49211650000
"Dec 01, 2005",1249.48,1275.8,1246.59,1248.29,1248.29,41756130000
"Nov 01, 2005",1207.01,1270.64,1201.07,1249.48,1249.48,45102870000
"Oct 01, 2005",1228.81,1233.34,1168.2,1207.01,1207.01,49793790000
"Sep 01, 2005",1220.33,1243.13,1205.35,1228.81,1228.81,44777510000
"Aug 01, 2005",1234.18,1245.86,1201.07,1220.33,1220.33,42030090000
"Jul 01, 2005",1191.33,1245.15,1183.55,1234.18,1234.18,37464670000
"Jun 01, 2005",1191.5,1219.59,1188.3,1191.33,1191.33,40334040000
"May 01, 2005",1156.85,1199.56,1146.18,1191.5,1191.5,39321990000
"Apr 01, 2005",1180.59,1191.88,1136.15,1156.85,1156.85,43424270000
"Mar 01, 2005",1203.6,1229.11,1163.69,1180.59,1180.59,39014150000
"Feb 01, 2005",1181.27,1212.44,1180.95,1203.6,1203.6,29297410000
"Jan 01, 2005",1211.92,1217.8,1163.75,1181.27,1181.27,31498800000
"Dec 01, 2004",1173.78,1217.33,1173.78,1211.92,1211.92,31102500000
"Nov 01, 2004",1130.2,1188.46,1127.6,1173.82,1173.82,30460280000
"Oct 01, 2004",1114.58,1142.05,1090.29,1130.2,1130.2,31511000000
"Sep 01, 2004",1104.24,1131.54,1099.18,1114.58,1114.58,26829870000
"Aug 01, 2004",1101.72,1109.68,1060.72,1104.24,1104.24,26586800000
"Jul 01, 2004",1140.84,1140.84,1078.78,1101.72,1101.72,29285600000
"Jun 01, 2004",1120.68,1146.34,1113.32,1140.84,1140.84,27529500000
"May 01, 2004",1107.3,1127.74,1076.32,1120.68,1120.68,29326400000
"Apr 01, 2004",1126.21,1150.57,1107.23,1107.3,1107.3,31611900000
"Mar 01, 2004",1144.94,1163.23,1087.16,1126.21,1126.21,33597900000
"Feb 01, 2004",1131.13,1158.98,1124.44,1144.94,1144.94,27985600000
"Jan 01, 2004",1111.92,1155.38,1105.08,1131.13,1131.13,32820000000
"Dec 01, 2003",1058.2,1112.56,1053.41,1111.92,1111.92,27839130000
"Nov 01, 2003",1050.71,1063.65,1031.2,1058.2,1058.2,24463220000
"Oct 01, 2003",995.97,1053.79,995.97,1050.71,1050.71,32298500000
"Sep 01, 2003",1008.01,1040.29,990.36,995.97,995.97,29940110000
"Aug 01, 2003",990.31,1011.01,960.84,1008.01,1008.01,24881470000
"Jul 01, 2003",974.5,1015.41,962.1,990.31,990.31,31553200000
"Jun 01, 2003",963.59,1015.33,963.59,974.5,974.5,31219400000
"May 01, 2003",916.92,965.38,902.83,963.59,963.59,30952100000
"Apr 01, 2003",848.18,924.24,847.85,916.92,916.92,29669610000
"Mar 01, 2003",841.15,895.9,788.9,848.18,848.18,30080030000
"Feb 01, 2003",855.7,864.64,806.29,841.15,841.15,25235300000
"Jan 01, 2003",879.82,935.05,840.34,855.7,855.7,30749580000
"Dec 01, 2002",936.31,954.28,869.45,879.82,879.82,25993640000
"Nov 01, 2002",885.76,941.82,872.05,936.31,936.31,29200960000
"Oct 01, 2002",815.28,907.44,768.63,885.76,885.76,37856310000
"Sep 01, 2002",916.07,924.02,800.2,815.28,815.28,27723710000
"Aug 01, 2002",911.62,965.0,833.44,916.07,916.07,29298400000
"Jul 01, 2002",989.82,994.46,775.68,911.62,911.62,42228720000
"Jun 01, 2002",1067.14,1070.74,952.92,989.82,989.82,29981510000
"May 01, 2002",1076.92,1106.59,1048.96,1067.14,1067.14,26905500000
"Apr 01, 2002",1147.39,1147.84,1063.46,1076.92,1076.92,28568900000
"Mar 01, 2002",1106.73,1173.94,1106.73,1147.39,1147.39,26563200000
"Feb 01, 2002",1130.2,1130.2,1074.36,1106.73,1106.73,26047600000
"Jan 01, 2002",1148.08,1176.97,1081.66,1130.2,1130.2,29746200000
"Dec 01, 2001",1139.45,1173.62,1114.53,1148.08,1148.08,25128570000
"Nov 01, 2001",1059.78,1163.38,1054.31,1139.45,1139.45,26330000000
"Oct 01, 2001",1040.94,1110.61,1026.76,1059.78,1059.78,29951280000
"Sep 01, 2001",1133.58,1155.4,944.75,1040.94,1040.94,25025290000
"Aug 01, 2001",1211.23,1226.27,1124.87,1133.58,1133.58,23359200000
"Jul 01, 2001",1224.42,1239.78,1165.54,1211.23,1211.23,23793710000
"Jun 01, 2001",1255.82,1286.62,1203.03,1224.38,1224.38,24748030000
"May 01, 2001",1249.46,1315.93,1232.0,1255.82,1255.82,24525900000
"Apr 01, 2001",1160.33,1269.3,1091.99,1249.46,1249.46,25409990000
"Mar 01, 2001",1239.94,1267.42,1081.19,1160.33,1160.33,27806610000
"Feb 01, 2001",1366.01,1376.38,1215.44,1239.94,1239.94,21644400000
"Jan 01, 2001",1320.28,1383.37,1274.62,1366.01,1366.01,27829800000
"Dec 01, 2000",1314.95,1389.05,1254.07,1320.28,1320.28,23610800000
"Nov 01, 2000",1429.4,1438.46,1294.9,1314.95,1314.95,20532300000
"Oct 01, 2000",1436.52,1454.82,1305.79,1429.4,1429.4,25951400000
"Sep 01, 2000",1517.68,1530.09,1419.44,1436.51,1436.51,20838300000
"Aug 01, 2000",1430.83,1525.21,1425.43,1517.68,1517.68,20363700000
"Jul 01, 2000",1454.6,1517.32,1413.89,1430.83,1430.83,19089100000
"Jun 01, 2000",1420.6,1488.93,1420.6,1454.6,1454.6,21738300000
"May 01, 2000",1452.43,1481.51,1361.09,1420.6,1420.6,19898300000
"Apr 01, 2000",1498.58,1527.19,1339.4,1452.43,1452.43,20106460000
"Mar 01, 2000",1366.42,1552.87,1346.62,1498.58,1498.58,26156200000
"Feb 01, 2000",1394.46,1444.55,1325.07,1366.42,1366.42,20912000000
"Jan 01, 2000",1469.25,1478.0,1350.14,1394.46,1394.46,21494400000
"Dec 01, 1999",1388.91,1473.1,1387.38,1469.25,1469.25,19640690000
"Nov 01, 1999",1362.93,1425.31,1346.41,1388.91,1388.91,18384820000
"Oct 01, 1999",1282.71,1373.17,1233.7,1362.93,1362.93,18832000000
"Sep 01, 1999",1320.41,1361.39,1256.26,1282.71,1282.71,16438700000
"Aug 01, 1999",1328.72,1382.84,1267.73,1320.41,1320.41,15818550000
"Jul 01, 1999",1372.71,1420.33,1328.49,1328.72,1328.72,15332930000
"Jun 01, 1999",1301.84,1372.93,1277.47,1372.71,1372.71,16079170000
"May 01, 1999",1335.18,1375.98,1277.31,1301.84,1301.84,15880260000
"Apr 01, 1999",1286.37,1371.56,1282.56,1335.18,1335.18,18523200000
"Mar 01, 1999",1238.33,1323.82,1216.03,1286.37,1286.37,18002500000
"Feb 01, 1999",1279.64,1283.84,1211.89,1238.33,1238.33,14555860000
"Jan 01, 1999",1229.23,1280.37,1205.46,1279.64,1279.64,16213500000
"Dec 01, 1998",1163.63,1244.93,1136.89,1229.23,1229.23,15181450000
"Nov 01, 1998",1098.67,1192.97,1098.67,1163.63,1163.63,13451280000
"Oct 01, 1998",1017.01,1103.78,923.32,1098.67,1098.67,18001650000
"Sep 01, 1998",957.28,1066.11,939.98,1017.01,1017.01,16714080000
"Aug 01, 1998",1120.67,1121.79,957.28,957.28,957.28,15071550000
"Jul 01, 1998",1133.84,1190.58,1114.3,1120.67,1120.67,14194800000
"Jun 01, 1998",1090.82,1145.15,1074.67,1133.84,1133.84,13551970000
"May 01, 1998",1111.75,1130.52,1074.39,1090.82,1090.82,11477140000
"Apr 01, 1998",1101.75,1132.98,1076.7,1111.75,1111.75,13656060000
"Mar 01, 1998",1049.34,1113.07,1030.87,1101.75,1101.75,13719590000
"Feb 01, 1998",980.28,1051.66,980.28,1049.34,1049.34,11656550000
"Jan 01, 1998",970.43,992.65,912.83,980.28,980.28,12733830000
"Dec 01, 1997",955.4,986.25,924.92,970.43,970.43,11958880000
"Nov 01, 1997",914.62,964.55,900.61,955.4,955.4,10173620000
"Oct 01, 1997",947.28,983.12,855.27,914.62,914.62,14017260000
"Sep 01, 1997",899.47,960.59,899.47,947.28,947.28,11383000000
"Aug 01, 1997",954.29,964.17,893.34,899.47,899.47,10606100000
"Jul 01, 1997",885.14,957.73,884.54,954.31,954.31,11958120000
"Jun 01, 1997",848.28,902.09,838.82,885.14,885.14,10857950000
"May 01, 1997",801.34,851.87,793.21,848.28,848.28,10106650000
"Apr 01, 1997",757.12,804.13,733.54,801.34,801.34,10454880000
"Mar 01, 1997",790.82,814.9,756.13,757.12,757.12,10120760000
"Feb 01, 1997",786.16,817.68,773.43,790.82,790.82,9715930000
"Jan 01, 1997",740.74,794.67,729.55,786.16,786.16,11635830000
"Dec 01, 1996",757.02,761.75,716.69,740.74,740.74,9089170000
"Nov 01, 1996",705.27,762.12,701.3,757.02,757.02,8763850000
"Oct 01, 1996",687.31,714.1,684.44,705.27,705.27,9703670000
"Sep 01, 1996",651.99,690.88,643.97,687.33,687.33,8064070000
"Aug 01, 1996",639.95,670.68,639.49,651.99,651.99,7380320000
"Jul 01, 1996",670.63,675.88,605.88,639.95,639.95,8849860000
"Jun 01, 1996",669.12,680.32,658.75,670.63,670.63,7930840000
"May 01, 1996",654.17,681.1,630.07,669.12,669.12,8921140000
"Apr 01, 1996",645.5,656.68,624.14,654.17,654.17,8875580000
"Mar 01, 1996",640.43,656.97,627.63,645.5,645.5,8984200000
"Feb 01, 1996",636.02,664.23,633.71,640.43,640.43,8749960000
"Jan 01, 1996",615.93,636.18,597.29,636.02,636.02,9188050000
"Dec 01, 1995",605.37,622.88,605.05,615.93,615.93,7697540000
"Nov 01, 1995",581.5,608.69,581.04,605.37,605.37,7602150000
"Oct 01, 1995",584.41,590.66,571.55,581.5,581.5,8043320000
"Sep 01, 1995",561.88,587.61,561.01,584.41,584.41,7052830000
"Aug 01, 1995",562.06,565.62,553.04,561.88,561.88,7146620000
"Jul 01, 1995",544.75,565.4,542.51,562.06,562.06,7307960000
"Jun 01, 1995",533.4,551.07,526.0,544.75,544.75,7555650000
"May 01, 1995",514.76,533.41,513.03,533.4,533.4,7555690000
"Apr 01, 1995",500.7,515.29,500.2,514.71,514.71,6307030000
"Mar 01, 1995",487.39,508.15,479.7,500.71,500.71,7792400000
"Feb 01, 1995",470.42,489.19,469.29,487.39,487.39,6330100000
"Jan 01, 1995",459.21,471.36,457.2,470.42,470.42,6852060000
"Dec 01, 1994",453.55,462.73,442.88,459.27,459.27,6351530000
"Nov 01, 1994",472.26,472.26,444.18,453.69,453.69,6251240000
"Oct 01, 1994",462.69,474.74,449.27,472.35,472.35,6344700000
"Sep 01, 1994",475.49,475.49,458.47,462.71,462.71,6152870000
"Aug 01, 1994",458.28,477.59,456.08,475.49,475.49,6398750000
"Jul 01, 1994",444.27,459.33,443.58,458.26,458.26,4980100000
"Jun 01, 1994",456.5,463.23,439.83,444.27,444.27,5852670000
"May 01, 1994",450.91,457.77,440.78,456.5,456.5,5675970000
"Apr 01, 1994",445.66,452.79,435.86,450.91,450.91,5735010000
"Mar 01, 1994",467.19,471.09,436.16,445.77,445.77,7225010000
"Feb 01, 1994",481.6,482.23,464.26,467.14,467.14,5853100000
"Jan 01, 1994",466.51,482.85,464.36,481.61,481.61,6627390000
"Dec 01, 1993",461.93,471.29,461.45,466.45,466.45,5791210000
"Nov 01, 1993",467.83,469.11,454.36,461.79,461.79,5876610000
"Oct 01, 1993",458.93,471.1,456.4,467.83,467.83,5940460000
"Sep 01, 1993",463.55,463.8,449.64,458.93,458.93,5552720000
"Aug 01, 1993",448.13,463.56,446.94,463.56,463.56,5506200000
"Jul 01, 1993",450.54,451.15,441.4,448.13,448.13,5308530000
"Jun 01, 1993",450.23,455.63,442.5,450.53,450.53,5544400000
"May 01, 1993",440.19,454.55,436.86,450.19,450.19,5108640000
"Apr 01, 1993",451.67,452.63,432.3,440.19,440.19,5853170000
"Mar 01, 1993",443.38,456.76,441.07,451.67,451.67,5766950000
"Feb 01, 1993",438.78,450.04,428.25,443.38,443.38,5442450000
"Jan 01, 1993",435.7,442.66,426.88,438.78,438.78,5280850000
"Dec 01, 1992",431.35,442.65,428.61,435.71,435.71,4876150000
"Nov 01, 1992",418.66,431.93,415.58,431.35,431.35,4148770000
"Oct 01, 1992",417.8,421.16,396.8,418.68,418.68,4507010000
"Sep 01, 1992",414.03,425.27,412.71,417.8,417.8,4023850000
"Aug 01, 1992",424.19,425.14,408.3,414.03,414.03,3653820000
"Jul 01, 1992",408.2,424.8,407.2,424.21,424.21,4265220000
"Jun 01, 1992",415.35,417.3,399.92,408.14,408.14,4259830000
"May 01, 1992",414.95,418.75,409.85,415.35,415.35,3643980000
"Apr 01, 1992",403.67,416.28,392.41,414.95,414.95,4315840000
"Mar 01, 1992",412.68,413.78,401.94,403.69,403.69,4066240000
"Feb 01, 1992",408.79,418.08,406.34,412.7,412.7,4267610000
"Jan 01, 1992",417.03,421.18,408.64,408.78,408.78,5286280000
"Dec 01, 1991",375.11,418.32,371.36,417.09,417.09,4155310000
"Nov 01, 1991",392.46,398.22,371.63,375.22,375.22,3737620000
"Oct 01, 1991",387.86,393.81,376.11,392.45,392.45,4082380000
"Sep 01, 1991",395.43,397.62,382.77,387.86,387.86,3260990000
"Aug 01, 1991",387.81,396.82,374.09,395.43,395.43,3713820000
"Jul 01, 1991",371.18,387.81,370.92,387.81,387.81,3481570000
"Jun 01, 1991",389.81,389.81,367.98,371.16,371.16,3258730000
"May 01, 1991",375.35,389.85,365.83,389.83,389.83,3739700000
"Apr 01, 1991",375.22,391.26,370.27,375.34,375.34,4017200000
"Mar 01, 1991",367.07,379.66,363.73,375.22,375.22,3927920000
"Feb 01, 1991",343.91,370.96,340.37,367.07,367.07,4303170000
"Jan 01, 1991",330.2,343.93,309.35,343.93,343.93,3660240000
"Dec 01, 1990",322.23,333.98,321.97,330.22,330.22,3116830000
"Nov 01, 1990",303.99,323.02,301.61,322.22,322.22,3149770000
"Oct 01, 1990",306.1,319.69,294.51,304.0,304.0,3671900000
"Sep 01, 1990",322.56,326.53,295.98,306.05,306.05,2687280000
"Aug 01, 1990",356.15,357.35,306.18,322.56,322.56,4020730000
"Jul 01, 1990",358.02,369.78,350.09,356.15,356.15,3373540000
"Jun 01, 1990",361.26,368.78,351.23,358.02,358.02,3226280000
"May 01, 1990",330.8,362.26,330.8,361.23,361.23,3596680000
"Apr 01, 1990",339.94,347.3,327.76,330.8,330.8,2801220000
"Mar 01, 1990",331.89,344.49,331.08,339.94,339.94,3283280000
"Feb 01, 1990",329.08,336.09,322.1,331.89,331.89,2961970000
"Jan 01, 1990",353.4,360.59,319.83,329.08,329.08,3793250000
"Dec 01, 1989",346.01,354.1,339.63,353.4,353.4,3213420000
"Nov 01, 1989",340.36,346.5,330.91,345.99,345.99,3032160000
"Oct 01, 1989",349.15,360.44,327.12,340.36,340.36,4012670000
"Sep 01, 1989",351.45,354.13,341.37,349.15,349.15,3035020000
"Aug 01, 1989",346.08,352.73,339.0,351.45,351.45,3949100000
"Jul 01, 1989",317.98,346.08,317.26,346.08,346.08,3249030000
"Jun 01, 1989",320.51,329.19,314.38,317.98,317.98,3966590000
"May 01, 1989",309.64,323.06,304.06,320.52,320.52,3747320000
"Apr 01, 1989",294.87,310.45,294.35,309.64,309.64,3237250000
"Mar 01, 1989",288.86,299.99,286.46,294.87,294.87,3504530000
"Feb 01, 1989",297.47,300.57,286.26,288.86,288.86,3216280000
"Jan 01, 1989",277.72,297.51,273.81,297.47,297.47,3532220000
"Dec 01, 1988",273.68,280.45,270.47,277.72,277.72,2844900000
"Nov 01, 1988",278.97,280.37,262.85,273.7,273.7,2822820000
"Oct 01, 1988",271.89,283.95,268.84,278.97,278.97,3415160000
"Sep 01, 1988",261.52,274.87,256.98,271.91,271.91,3059450000
"Aug 01, 1988",272.03,274.2,256.53,261.52,261.52,3327470000
"Jul 01, 1988",273.5,276.36,262.48,272.02,272.02,3338470000
"Jun 01, 1988",262.16,276.88,262.1,273.5,273.5,4306710000
"May 01, 1988",261.36,263.7,248.85,262.16,262.16,3231370000
"Apr 01, 1988",258.89,272.05,254.71,261.33,261.33,3260760000
"Mar 01, 1988",267.82,272.64,256.07,258.89,258.89,4052970000
"Feb 01, 1988",257.05,267.82,247.82,267.82,267.82,3693240000
"Jan 01, 1988",247.1,261.78,240.17,257.07,257.07,3494700000
"Dec 01, 1987",230.32,253.35,221.24,247.08,247.08,3926750000
"Nov 01, 1987",251.73,257.21,225.75,230.3,230.3,3589530000
"Oct 01, 1987",321.83,328.94,216.46,251.79,251.79,6094500000
"Sep 01, 1987",329.81,332.18,308.56,321.83,321.83,3723200000
"Aug 01, 1987",318.62,337.89,314.51,329.8,329.8,4062400000
"Jul 01, 1987",303.99,318.85,302.53,318.66,318.66,3966400000
"Jun 01, 1987",290.12,310.27,286.93,304.0,304.0,3595000000
"May 01, 1987",286.99,298.69,277.01,290.1,290.1,3417700000
"Apr 01, 1987",291.59,303.65,275.67,288.36,288.36,3931700000
"Mar 01, 1987",284.17,302.72,282.3,291.7,291.7,3965100000
"Feb 01, 1987",274.08,287.55,273.16,284.2,284.2,3485300000
"Jan 01, 1987",242.17,280.96,242.17,274.08,274.08,4040880000
"Dec 01, 1986",249.22,254.87,241.28,242.17,242.17,3260870000
"Nov 01, 1986",243.97,249.22,235.51,249.22,249.22,2940830000
"Oct 01, 1986",231.32,244.51,231.32,243.98,243.98,3016740000
"Sep 01, 1986",252.93,254.13,228.08,231.32,231.32,3166300000
"Aug 01, 1986",236.12,254.24,231.92,252.93,252.93,2701900000
"Jul 01, 1986",250.67,253.2,233.07,236.12,236.12,3029900000
"Jun 01, 1986",246.04,251.81,238.23,250.84,250.84,2649600000
"May 01, 1986",235.52,249.19,232.26,247.35,247.35,2680240000
"Apr 01, 1986",238.9,245.47,226.3,235.52,235.52,3240400000
"Mar 01, 1986",226.92,240.11,222.18,238.9,238.9,3214600000
"Feb 01, 1986",211.78,227.92,210.82,226.92,226.92,2899100000
"Jan 01, 1986",211.28,214.57,202.6,211.78,211.78,2879010000
"Dec 01, 1985",202.17,213.08,200.1,211.28,211.28,2804380000
"Nov 01, 1985",189.82,203.4,189.37,202.17,202.17,2445370000
"Oct 01, 1985",182.06,190.15,181.16,189.82,189.82,2543240000
"Sep 01, 1985",188.63,188.8,179.45,182.08,182.08,1860160000
"Aug 01, 1985",190.92,192.17,186.1,188.63,188.63,1923200000
"Jul 01, 1985",191.85,196.07,189.3,190.92,190.92,2463070000
"Jun 01, 1985",189.55,191.85,185.03,191.85,191.85,2117000000
"May 01, 1985",179.83,189.98,178.35,189.55,189.55,2350340000
"Apr 01, 1985",180.66,183.61,177.86,179.83,179.83,1981880000
"Mar 01, 1985",181.18,183.89,176.53,180.66,180.66,2153090000
"Feb 01, 1985",179.63,183.95,177.75,181.18,181.18,2194620000
"Jan 01, 1985",167.2,180.27,163.36,179.63,179.63,2673710000
