Date,Silver_Predicted,Silver_Actual
2021-01-13,26.0146,25.52
2021-01-14,26.2148,25.746
2021-01-15,25.824,24.825
2021-01-19,26.0646,25.279
2021-01-20,26.2182,25.734
2021-01-21,26.3225,25.822
2021-01-22,26.1137,25.524
2021-01-25,26.2232,25.455
2021-01-26,26.1658,25.529
2021-01-27,25.891,25.376
2021-01-28,26.03,25.909
2021-01-29,26.1209,26.9
2021-02-01,26.2539,29.398
2021-02-02,25.9695,26.384
2021-02-03,28.0617,26.878
2021-02-04,27.2922,26.223
2021-02-05,27.4393,27.014
2021-02-08,27.3428,27.57
2021-02-09,27.2843,27.396
2021-02-10,27.3177,27.074
2021-02-11,27.0822,27.042
2021-02-12,26.9078,27.323
2021-02-16,26.4842,27.319
2021-02-17,26.5025,27.314
2021-02-18,26.6542,27.077
2021-02-19,26.5739,27.252
2021-02-22,26.7483,28.083
2021-02-23,26.6168,27.686
2021-02-24,26.5016,27.857
2021-02-25,26.2502,27.637
2021-02-26,25.8856,26.402
2021-03-01,25.803,26.647
2021-03-02,25.7869,26.85
2021-03-03,25.4028,26.357
2021-03-04,25.1746,25.434
2021-03-05,25.4524,25.257
2021-03-08,25.085,25.24
2021-03-09,25.5661,26.148
2021-03-10,25.6685,26.102
2021-03-11,25.7531,26.162
2021-03-12,25.9013,25.88
2021-03-15,26.1621,26.253
2021-03-16,25.932,25.974
2021-03-17,25.7087,26.03
2021-03-18,25.6516,26.321
2021-03-19,25.7483,26.292
2021-03-22,25.6941,25.741
2021-03-23,25.4414,25.2
2021-03-24,25.5078,25.201
2021-03-25,25.4415,25.022
2021-03-26,25.7235,25.092
2021-03-29,25.1737,24.747
2021-03-30,24.825,24.121
2021-03-31,25.2895,24.517
2021-04-01,25.3665,24.935
2021-04-05,25.4098,24.763
2021-04-06,25.6341,25.212
2021-04-07,25.519,25.233
2021-04-08,25.8331,25.569
2021-04-09,25.5917,25.311
2021-04-12,25.4304,24.853
2021-04-13,25.6418,25.417
2021-04-14,25.5551,25.515
2021-04-15,25.9485,25.956
2021-04-16,25.9803,26.099
2021-04-19,25.9861,25.831
2021-04-20,26.0232,25.835
2021-04-21,26.1756,26.565
2021-04-22,25.874,26.174
2021-04-23,25.9604,26.077
2021-04-26,26.0352,26.211
2021-04-27,26.9628,26.412
2021-04-28,26.335,26.081
2021-04-29,26.1862,26.053
2021-04-30,26.2238,25.853
2021-05-03,26.6298,26.943
2021-05-04,26.4453,26.539
2021-05-05,26.3887,26.502
2021-05-06,26.7514,27.462
2021-05-07,27.2731,27.462
2021-05-10,27.3229,27.479
2021-05-11,27.3783,27.657
2021-05-12,27.2205,27.231
2021-05-13,27.2449,27.044
2021-05-14,27.0921,27.353
2021-05-17,27.6071,28.26
2021-05-18,27.6889,28.314
2021-05-19,27.4978,28.008
2021-05-20,27.5169,28.052
2021-05-21,27.2735,27.473
2021-05-24,27.4922,27.887
2021-05-25,27.4232,28.037
2021-05-26,27.552,27.853
2021-05-27,27.7847,27.919
2021-05-28,27.8698,27.993
2021-06-01,27.6513,28.083
2021-06-02,27.4985,28.186
2021-06-03,27.0367,27.46
2021-06-04,27.206,27.879
2021-06-07,27.3203,28.001
2021-06-08,27.3316,27.715
2021-06-09,27.362,27.985
2021-06-10,27.3058,28.015
2021-06-11,27.2509,28.131
2021-06-14,27.0843,28.024
2021-06-15,26.8485,27.679
2021-06-16,27.0955,27.8
2021-06-17,26.1298,25.844
2021-06-18,25.974,25.958
2021-06-21,26.1451,26.015
2021-06-22,26.2485,25.848
2021-06-23,26.364,26.108
2021-06-24,26.2645,26.047
2021-06-25,26.2106,26.082
2021-06-28,26.333,26.218
2021-06-29,26.37,25.872
2021-06-30,26.285,26.165
2021-07-01,26.3266,26.075
2021-07-02,26.4136,26.481
2021-07-06,26.4085,26.154
2021-07-07,26.4212,26.11
2021-07-08,26.1955,25.967
2021-07-09,26.2439,26.211
2021-07-12,26.0446,26.217
2021-07-13,26.2881,26.115
2021-07-14,26.4115,26.246
2021-07-15,25.6799,26.375
2021-07-16,25.5029,25.777
2021-07-19,25.5072,25.126
2021-07-20,25.4493,24.977
2021-07-21,25.183,25.238
2021-07-22,25.1599,25.365
2021-07-23,25.4609,25.218
2021-07-26,25.4583,25.295
2021-07-27,25.7053,24.632
2021-07-28,25.0146,24.856
2021-07-29,24.7194,25.764
2021-07-30,24.3327,25.528
2021-08-02,24.5093,25.557
2021-08-03,25.0966,25.566
2021-08-04,24.9309,25.446
2021-08-05,24.9722,25.277
2021-08-06,24.2844,24.312
2021-08-09,23.8591,23.255
2021-08-10,23.9967,23.377
2021-08-11,24.1542,23.474
2021-08-12,24.0119,23.105
2021-08-13,24.2352,23.768
2021-08-16,24.1558,23.78
2021-08-17,23.9846,23.648
2021-08-18,23.9352,23.412
2021-08-19,23.4449,23.22
2021-08-20,23.7924,23.105
2021-08-23,23.9531,23.649
2021-08-24,23.9271,23.89
2021-08-25,23.7577,23.771
2021-08-26,23.6047,23.546
2021-08-27,24.0596,24.06
2021-08-30,24.3165,23.96
2021-08-31,23.7228,23.96
2021-09-01,23.6494,24.177
2021-09-02,23.6336,23.875
2021-09-03,23.8495,24.762
2021-09-07,23.6477,24.334
2021-09-08,23.4525,24.012
2021-09-09,23.7265,24.133
2021-09-10,23.8459,23.855
2021-09-13,23.809,23.753
2021-09-14,23.6787,23.842
2021-09-15,23.542,23.759
2021-09-16,23.01,22.752
2021-09-17,22.9751,22.295
2021-09-20,22.8406,22.163
2021-09-21,23.0255,22.573
2021-09-22,23.2366,22.869
2021-09-23,22.8974,22.642
2021-09-24,22.9955,22.388
2021-09-27,22.9331,22.657
2021-09-28,22.8241,22.43
2021-09-29,22.6227,21.459
2021-09-30,22.5178,22.021
2021-10-01,22.7332,22.51
2021-10-04,22.9665,22.618
2021-10-05,22.657,22.582
2021-10-06,22.714,22.506
2021-10-07,22.9074,22.632
2021-10-08,23.0156,22.679
2021-10-11,23.2305,22.64
2021-10-12,23.1992,22.491
2021-10-13,23.9088,23.149
2021-10-14,24.088,23.456
2021-10-15,24.0546,23.328
2021-10-18,23.9297,23.243
2021-10-19,23.9357,23.862
2021-10-20,24.0719,24.424
2021-10-21,23.8429,24.15
2021-10-22,23.8459,24.429
2021-10-25,23.9011,24.572
2021-10-26,23.6864,24.086
2021-10-27,23.3938,24.189
2021-10-28,23.6454,24.117
2021-10-29,23.3642,23.945
2021-11-01,23.4937,24.064
2021-11-02,23.3514,23.5
2021-11-03,23.0339,23.226
2021-11-04,23.2599,23.906
2021-11-05,23.5635,24.152
2021-11-08,23.743,24.537
2021-11-09,23.7781,24.313
2021-11-10,23.6942,24.767
2021-11-11,23.8542,25.301
2021-11-12,24.0053,25.344
2021-11-15,23.9031,25.107
2021-11-16,23.7517,24.944
2021-11-17,23.6933,25.167
2021-11-18,23.7187,24.901
2021-11-19,23.8475,24.78
2021-11-22,23.501,24.297
2021-11-23,23.3668,23.435
2021-11-24,23.4159,23.496
2021-11-26,23.0514,23.107
2021-11-29,23.2109,22.799
2021-11-30,23.1404,22.765
2021-12-01,23.1364,22.299
2021-12-02,23.0048,22.28
2021-12-03,23.077,22.445
2021-12-06,23.0797,22.228
2021-12-07,23.1357,22.487
2021-12-08,23.2479,22.39
2021-12-09,23.0155,21.974
2021-12-10,23.0577,22.16
2021-12-13,23.1178,22.29
2021-12-14,22.94,21.887
2021-12-15,22.8983,21.508
2021-12-16,23.119,22.455
2021-12-17,23.1584,22.507
2021-12-20,23.0895,22.275
2021-12-21,23.1465,22.502
2021-12-22,23.2905,22.792
2021-12-23,23.3889,22.931
2021-12-27,23.5359,22.979
2021-12-28,23.4207,23.111
2021-12-29,23.306,22.848
2021-12-30,23.3049,23.028
2021-12-31,23.6449,23.328
2022-01-03,23.2498,22.79
2022-01-04,23.6929,23.038
2022-01-05,23.6751,23.15
2022-01-06,23.1455,22.174
2022-01-07,23.2726,22.394
2022-01-10,23.1908,22.446
2022-01-11,23.5017,22.806
2022-01-12,23.7981,23.2
2022-01-13,23.7338,23.155
2022-01-14,23.3918,22.911
2022-01-18,23.3223,23.487
2022-01-19,23.716,24.226
2022-01-20,23.8977,24.711
2022-01-21,23.7277,24.314
2022-01-24,23.5928,23.795
2022-01-25,23.8378,23.896
2022-01-26,23.7218,23.807
2022-01-27,23.3494,22.673
2022-01-28,22.9995,22.302
2022-01-31,22.984,22.395
2022-02-01,23.0281,22.596
2022-02-02,23.3466,22.711
2022-02-03,23.1494,22.375
2022-02-04,23.1081,22.475
2022-02-07,23.0554,23.076
2022-02-08,23.2403,23.195
2022-02-09,23.7388,23.336
2022-02-10,23.9018,23.519
2022-02-11,23.7122,23.366
2022-02-14,24.0725,23.845
2022-02-15,23.6898,23.338
2022-02-16,23.8919,23.601
2022-02-17,24.1977,23.874
2022-02-18,24.2075,23.991
2022-02-22,24.4809,24.311
2022-02-23,24.4472,24.555
2022-02-24,24.6178,24.686
2022-02-25,24.1064,23.997
2022-02-28,24.3386,24.361
2022-03-01,24.9045,25.534
2022-03-02,25.0117,25.183
2022-03-03,25.4483,25.205
2022-03-04,25.9104,25.782
2022-03-07,25.6698,25.713
2022-03-08,25.8077,26.888
2022-03-09,25.2853,25.757
2022-03-10,25.4022,26.202
2022-03-11,25.3596,26.106
2022-03-14,25.0906,25.244
2022-03-15,25.0109,25.123
2022-03-16,24.856,24.67
2022-03-17,25.2282,25.584
2022-03-18,25.1817,25.055
2022-03-21,25.1778,25.282
2022-03-22,24.9661,24.885
2022-03-23,25.2193,25.17
2022-03-24,25.1318,25.9
2022-03-25,25.0216,25.595
2022-03-28,25.0348,25.176
2022-03-29,24.8286,24.716
2022-03-30,24.8947,25.103
2022-03-31,24.9965,25.121
2022-04-01,24.6636,24.642
2022-04-04,24.8603,24.584
2022-04-05,24.9271,24.528
2022-04-06,24.8887,24.455
2022-04-07,24.8539,24.733
2022-04-08,24.9988,24.819
2022-04-11,24.7958,24.978
2022-04-12,25.116,25.725
2022-04-13,25.0136,26.02
2022-04-14,24.9869,25.69
2022-04-18,25.1639,26.14
2022-04-19,24.9952,25.391
2022-04-20,25.0067,25.27
2022-04-21,25.1049,24.621
2022-04-22,24.8886,24.257
2022-04-25,23.9545,23.668
2022-04-26,23.9037,23.542
2022-04-27,23.7032,23.458
2022-04-28,23.7075,23.129
2022-04-29,23.6385,23.04
2022-05-02,22.9676,22.544
2022-05-03,22.867,22.621
2022-05-04,22.7227,22.362
2022-05-05,22.41,22.4
2022-05-06,22.5831,22.325
2022-05-09,22.6938,21.782
2022-05-10,22.3109,21.39
2022-05-11,22.4835,21.55
2022-05-12,21.7204,20.757
2022-05-13,21.9285,20.984
2022-05-16,21.7804,21.535
2022-05-17,21.7669,21.737
2022-05-18,21.5559,21.533
2022-05-19,22.1231,21.898
2022-05-20,22.2657,21.669
2022-05-23,22.196,21.723
2022-05-24,22.2046,22.063
2022-05-25,21.9286,21.86
2022-05-26,21.854,21.941
2022-05-27,22.1382,22.06
2022-05-31,22.4167,21.651
2022-06-01,22.3314,21.884
2022-06-02,23.2043,22.254
2022-06-03,22.9389,21.89
2022-06-06,22.3656,22.074
2022-06-07,22.4293,22.159
2022-06-08,22.75,22.074
2022-06-09,22.4244,21.797
2022-06-10,22.3052,21.913
2022-06-13,21.9365,21.236
2022-06-14,22.253,20.936
2022-06-15,22.2265,21.402
2022-06-16,22.0906,21.867
2022-06-17,21.8982,21.573
2022-06-21,22.0623,21.754
2022-06-22,21.6877,21.407
2022-06-23,20.9917,21.032
2022-06-24,20.9775,21.116
2022-06-27,21.0031,21.159
2022-06-28,20.9746,20.797
2022-06-29,21.0489,20.668
2022-06-30,21.2813,20.282
2022-07-01,20.8707,19.597
2022-07-05,20.1856,19.052
2022-07-06,20.068,19.085
2022-07-07,20.254,19.122
2022-07-08,19.9641,19.167
2022-07-11,19.653,19.067
2022-07-12,19.4841,18.899
2022-07-13,19.3781,19.138
2022-07-14,19.0054,18.169
2022-07-15,19.225,18.548
2022-07-18,19.345,18.791
2022-07-19,19.2931,18.67
2022-07-20,19.0905,18.639
2022-07-21,19.1616,18.687
2022-07-22,19.3656,18.585
2022-07-25,19.0968,18.294
2022-07-26,19.0379,18.487
2022-07-27,19.3465,18.553
2022-07-28,19.725,19.827
2022-07-29,20.2737,20.156
2022-08-01,20.1002,20.322
2022-08-02,20.3183,20.105
2022-08-03,19.8976,19.865
2022-08-04,20.0602,20.099
2022-08-05,20.246,19.819
2022-08-08,20.5776,20.592
2022-08-09,20.6265,20.458
2022-08-10,20.6407,20.718
2022-08-11,20.6029,20.326
2022-08-12,20.3277,20.677
2022-08-15,20.0071,20.251
2022-08-16,19.9304,20.065
2022-08-17,19.7956,19.711
2022-08-18,20.0488,19.448
2022-08-19,20.0617,19.058
2022-08-22,19.8082,18.873
2022-08-23,20.0112,19.012
2022-08-24,19.7386,18.895
2022-08-25,20.0333,19.111
2022-08-26,20.086,18.74
2022-08-29,19.5186,18.555
2022-08-30,19.3547,18.159
2022-08-31,19.1999,17.762
2022-09-01,18.8071,17.551
2022-09-02,19.0287,17.776
2022-09-06,19.3628,17.795
2022-09-07,19.242,18.137
2022-09-08,19.6798,18.33
2022-09-09,19.7167,18.658
2022-09-12,19.7689,19.755
2022-09-13,19.5467,19.39
2022-09-14,19.0432,19.471
2022-09-15,19.3706,19.175
2022-09-16,19.7617,19.296
2022-09-19,19.7804,19.273
2022-09-20,19.5858,19.102
2022-09-21,19.4324,19.411
2022-09-22,19.6388,19.548
2022-09-23,19.3397,18.841
2022-09-26,19.1398,18.406
2022-09-27,19.2426,18.257
2022-09-28,19.3572,18.796
2022-09-29,19.6501,18.611
2022-09-30,19.649,18.96
2022-10-03,19.8921,20.519
2022-10-04,20.0219,21.037
2022-10-05,20.0579,20.479
2022-10-06,19.8565,20.595
2022-10-07,19.6476,20.192
2022-10-10,19.7932,19.556
2022-10-11,19.9023,19.427
2022-10-12,19.8267,18.878
2022-10-13,19.7782,18.858
2022-10-14,19.8902,18.015
2022-10-17,20.0875,18.674
2022-10-18,19.9979,18.571
2022-10-19,19.8867,18.336
2022-10-20,20.2492,18.666
2022-10-21,20.62,19.043
2022-10-24,20.4403,19.174
2022-10-25,20.2186,19.339
2022-10-26,20.9139,19.48
2022-10-27,20.9791,19.478
2022-10-28,20.2777,19.147
2022-10-31,19.6665,19.125
2022-11-01,20.2068,19.673
2022-11-02,20.2043,19.6
2022-11-03,20.1146,19.436
2022-11-04,21.0424,20.79
2022-11-07,20.5347,20.898
2022-11-08,21.2356,21.477
2022-11-09,21.5099,21.298
2022-11-10,21.6936,21.677
2022-11-11,22.2885,21.646
2022-11-14,22.0292,22.092
2022-11-15,21.9121,21.499
2022-11-16,21.7143,21.504
2022-11-17,21.2521,20.955
2022-11-18,21.0182,20.976
2022-11-21,20.6062,20.849
2022-11-22,20.8317,21.034
2022-11-23,20.605,21.357
2022-11-25,20.8452,21.425
2022-11-28,20.9637,20.91
2022-11-29,20.855,21.204
2022-11-30,21.2732,21.55
2022-12-01,21.9009,22.637
2022-12-02,22.1979,23.038
2022-12-05,22.1602,22.199
2022-12-06,22.2445,22.123
2022-12-07,22.3883,22.71
2022-12-08,22.4662,23.063
2022-12-09,22.5205,23.535
2022-12-12,22.0001,23.22
2022-12-13,22.1439,23.801
2022-12-14,22.467,23.946
2022-12-15,21.6899,23.128
2022-12-16,21.8786,23.151
2022-12-19,22.2071,23.029
2022-12-20,22.5097,24.094
2022-12-21,22.4866,24.035
2022-12-22,22.3063,23.476
2022-12-23,22.5003,23.764
2022-12-27,22.6501,24.04
2022-12-28,22.7749,23.663
2022-12-29,22.7622,24.078
2022-12-30,22.7295,23.862
2023-01-03,22.7642,24.059
2023-01-04,22.7502,23.792
2023-01-05,22.8195,23.258
2023-01-06,23.0105,23.822
2023-01-09,23.23,23.712
2023-01-10,22.9707,23.507
2023-01-11,23.0544,23.327
2023-01-12,23.2707,23.863
2023-01-13,23.457,24.231
2023-01-17,23.4503,23.944
2023-01-18,23.3849,23.53
2023-01-19,23.5651,23.754
2023-01-20,23.5373,23.83
2023-01-23,23.3574,23.452
2023-01-24,23.4636,23.649
2023-01-25,23.4799,23.839
2023-01-26,23.3476,23.93
2023-01-27,23.1923,23.527
2023-01-30,23.0601,23.645
2023-01-31,23.2428,23.748
2023-02-01,23.0555,23.521
2023-02-02,22.8243,23.534
2023-02-03,22.0925,22.334
2023-02-06,22.136,22.177
2023-02-07,22.2778,22.117
2023-02-08,22.3484,22.367
2023-02-09,22.2445,22.097
2023-02-10,22.3042,22.034
2023-02-13,22.3211,21.818
2023-02-14,22.3809,21.842
2023-02-15,21.9908,21.546
2023-02-16,22.1548,21.684
2023-02-17,22.0704,21.694
2023-02-21,22.1211,21.869
2023-02-22,21.9277,21.661
2023-02-23,21.7083,21.299
2023-02-24,21.4922,20.806
2023-02-27,21.7042,20.67
2023-02-28,21.9625,20.961
2023-03-01,22.0707,20.959
2023-03-02,21.9215,20.766
2023-03-03,22.0158,21.093
2023-03-06,21.7312,20.984
2023-03-07,21.5763,20.054
2023-03-08,21.48,20.005
2023-03-09,21.6575,20.025
2023-03-10,21.9102,20.375
2023-03-13,22.5639,21.793
2023-03-14,22.4369,21.929
2023-03-15,22.8046,21.774
2023-03-16,22.6359,21.588
2023-03-17,23.5389,22.351
2023-03-20,23.8283,22.533
2023-03-21,22.9079,22.324
2023-03-22,23.408,22.675
2023-03-23,24.6461,23.144
2023-03-24,24.327,23.247
2023-03-27,23.7044,23.054
2023-03-28,24.1419,23.324
2023-03-29,23.9807,23.376
2023-03-30,24.3444,23.902
2023-03-31,24.1749,24.076
2023-04-03,24.5063,23.941
2023-04-04,24.9577,25.022
2023-04-05,25.0056,24.963
2023-04-06,24.849,25.025
2023-04-10,24.6197,24.846
2023-04-11,24.8518,25.131
2023-04-12,25.0262,25.404
2023-04-13,25.4618,25.874
2023-04-14,25.0029,25.424
2023-04-17,24.8231,25.053
2023-04-18,25.058,25.248
2023-04-19,24.8685,25.366
2023-04-20,25.0016,25.368
2023-04-21,24.673,25.053
2023-04-24,24.7509,25.306
2023-04-25,24.7256,24.877
2023-04-26,24.7168,24.871
2023-04-27,24.7022,24.983
2023-04-28,24.7414,24.999
2023-05-01,24.8636,25.009
2023-05-02,25.1414,25.404
2023-05-03,25.1598,25.476
2023-05-04,25.3632,26.035
2023-05-05,24.999,25.743
2023-05-08,25.1965,25.636
2023-05-09,25.2166,25.698
2023-05-10,25.1676,25.461
2023-05-11,24.6261,24.255
2023-05-12,24.6312,23.992
2023-05-15,23.9258,24.127
2023-05-16,23.5703,23.737
2023-05-17,23.6312,23.752
2023-05-18,23.4461,23.495
2023-05-19,23.5761,23.92
2023-05-22,23.6113,23.715
2023-05-23,23.4992,23.474
2023-05-24,23.4244,23.115
2023-05-25,23.3956,22.786
2023-05-26,23.547,23.24
2023-05-30,23.6244,23.125
2023-05-31,23.6155,23.474
2023-06-01,23.8033,23.875
2023-06-02,23.7236,23.643
2023-06-05,23.7277,23.534
2023-06-06,23.8246,23.574
2023-06-07,23.6684,23.439
2023-06-08,23.8969,24.264
2023-06-09,23.8608,24.334
2023-06-12,23.7733,23.985
2023-06-13,23.7297,23.756
2023-06-14,23.8678,24.044
2023-06-15,23.8409,23.891
2023-06-16,23.6669,24.076
2023-06-20,23.1715,23.193
2023-06-21,22.964,22.774
2023-06-22,22.6906,22.436
2023-06-23,23.0038,22.328
2023-06-26,22.9523,22.805
2023-06-27,23.0494,22.939
2023-06-28,23.3609,22.868
2023-06-29,23.3315,22.591
2023-06-30,23.6222,22.81
2023-07-03,23.6988,22.896
2023-07-05,23.5962,23.197
2023-07-06,23.34,22.686
2023-07-07,23.6041,23.092
2023-07-10,23.5858,23.151
2023-07-11,23.5883,23.086
2023-07-12,23.9574,24.119
2023-07-13,24.0866,24.768
2023-07-14,23.9957,25.014
2023-07-17,23.8891,24.844
2023-07-18,23.9242,25.084
2023-07-19,23.8578,25.219
2023-07-20,23.8655,24.805
2023-07-21,23.8848,24.698
2023-07-24,23.8134,24.436
2023-07-25,23.9015,24.68
2023-07-26,24.0544,24.825
2023-07-27,23.9133,24.236
2023-07-28,24.0253,24.37
2023-07-31,24.0597,24.854
2023-08-01,23.8857,24.208
2023-08-02,23.7339,23.754
2023-08-03,23.7885,23.586
2023-08-04,23.7904,23.617
2023-08-07,23.6193,23.142
2023-08-08,23.4696,22.717
2023-08-09,23.4988,22.65
2023-08-10,23.4361,22.746
2023-08-11,23.3558,22.674
2023-08-14,23.3741,22.644
2023-08-15,23.1677,22.595
2023-08-16,23.1776,22.48
2023-08-17,23.2161,22.67
2023-08-18,23.2431,22.695
2023-08-21,23.3281,23.304
2023-08-22,23.3412,23.42
2023-08-23,23.4822,24.363
2023-08-24,23.4823,24.211
2023-08-25,23.5209,24.22
2023-08-28,23.5786,24.238
2023-08-29,23.7152,24.777
2023-08-30,23.6577,24.734
2023-08-31,23.5852,24.472
2023-09-01,23.6774,24.232
2023-09-05,23.6052,23.558
2023-09-06,23.4936,23.206
2023-09-07,23.4587,22.95
2023-09-08,23.4094,22.892
2023-09-11,23.5771,23.103
2023-09-12,23.4743,23.127
2023-09-13,23.471,22.912
2023-09-14,23.5212,22.748
2023-09-15,23.4437,23.126
2023-09-18,23.4195,23.232
2023-09-19,23.4014,23.194
2023-09-20,23.5257,23.579
2023-09-21,23.319,23.444
2023-09-22,23.3324,23.596
2023-09-25,23.269,23.145
2023-09-26,23.1976,22.95
2023-09-27,23.1252,22.477
2023-09-28,23.1413,22.515
2023-09-29,23.1824,22.236
2023-10-02,22.87,21.218
2023-10-03,22.7746,21.178
2023-10-04,22.7495,20.956
2023-10-05,22.5917,20.848
2023-10-06,22.7714,21.54
2023-10-09,22.8592,21.741
2023-10-10,22.9992,21.776
2023-10-11,22.979,21.957
2023-10-12,22.9526,21.792
2023-10-13,23.0955,22.727
2023-10-16,23.1331,22.61
2023-10-17,23.1609,22.863
2023-10-18,23.3024,22.944
2023-10-19,23.4026,22.887
2023-10-20,23.3198,23.351
2023-10-23,23.2931,23.072
2023-10-24,23.3805,22.98
2023-10-25,23.3636,22.877
2023-10-26,23.2521,22.787
2023-10-27,23.4636,22.77
2023-10-30,23.4822,23.282
2023-10-31,23.4592,22.841
2023-11-01,23.4367,22.685
2023-11-02,23.5003,22.751
2023-11-03,23.5759,23.201
2023-11-06,23.6497,23.149
2023-11-07,23.572,22.508
2023-11-08,23.4091,22.647
2023-11-09,23.4366,22.831
2023-11-10,23.2821,22.215
2023-11-13,23.535,22.299
2023-11-14,23.6334,23.079
2023-11-15,23.6814,23.485
2023-11-16,23.7242,23.892
2023-11-17,23.7535,23.809
2023-11-20,23.87,23.579
2023-11-21,23.9164,23.843
2023-11-22,23.8105,23.672
2023-11-24,23.8694,24.329
2023-11-27,23.8624,24.672
2023-11-28,23.9705,24.93
2023-11-29,23.9391,25.072
2023-11-30,23.9617,25.293
2023-12-01,24.1308,25.499
2023-12-04,23.7665,24.555
2023-12-05,23.5885,24.201
2023-12-06,23.5698,23.889
2023-12-07,23.6443,23.732
2023-12-08,23.5831,22.971
2023-12-11,23.6355,22.773
2023-12-12,23.536,22.728
2023-12-13,23.5819,22.639
2023-12-14,23.8789,24.096
2023-12-15,23.6868,23.87
2023-12-18,23.7642,23.831
2023-12-19,23.7857,24.04
2023-12-20,23.8383,24.347
2023-12-21,23.8499,24.307
2023-12-22,23.9029,24.29
2023-12-26,23.8233,24.144
2023-12-27,24.141,24.375
2023-12-28,23.9787,24.134
2023-12-29,23.7846,23.853
2024-01-02,23.8618,23.733
2024-01-03,23.7108,22.946
2024-01-04,23.665,22.989
2024-01-05,23.5592,23.122
2024-01-08,23.5838,23.12
2024-01-09,23.4251,22.904
2024-01-10,23.3921,22.884
2024-01-11,23.4198,22.537
2024-01-12,23.3951,23.162
2024-01-16,23.5294,22.933
2024-01-17,23.2824,22.516
2024-01-18,23.3903,22.667
2024-01-19,23.4573,22.571
2024-01-22,23.3882,22.163
2024-01-23,23.4995,22.334
2024-01-24,23.5603,22.755
2024-01-25,23.4805,22.808
2024-01-26,23.4794,22.755
2024-01-29,23.603,23.138
2024-01-30,23.7122,23.107
2024-01-31,23.8445,23.051
2024-02-01,23.7023,23.13
2024-02-02,23.5362,22.701
2024-02-05,23.4199,22.335
2024-02-06,23.4864,22.393
2024-02-07,23.2893,22.278
2024-02-08,23.2809,22.565
2024-02-09,23.1253,22.528
2024-02-12,23.2397,22.709
2024-02-13,23.061,22.096
2024-02-14,23.0607,22.331
2024-02-15,23.4014,22.912
2024-02-16,23.6802,23.439
2024-02-20,23.6975,23.106
2024-02-21,23.6571,22.851
2024-02-22,23.664,22.765
2024-02-23,23.7364,22.969
2024-02-26,23.5752,22.517
2024-02-27,23.5675,22.523
2024-02-28,23.6183,22.41
2024-02-29,23.6504,22.666
2024-03-01,23.9152,23.15
2024-03-04,24.0196,23.779
2024-03-05,24.1154,23.763
2024-03-06,24.2546,24.272
2024-03-07,24.39,24.37
2024-03-08,24.4416,24.339
2024-03-11,24.4798,24.512
2024-03-12,24.4357,24.194
2024-03-13,24.7598,24.959
2024-03-14,24.6684,24.874
2024-03-15,24.9174,25.2
2024-03-18,24.7862,25.091
2024-03-19,24.6003,24.964
2024-03-20,24.6683,24.933
2024-03-21,24.8937,24.849
2024-03-22,24.504,24.692
2024-03-25,24.6842,24.745
2024-03-26,24.674,24.483
2024-03-27,24.6959,24.625
2024-03-28,24.9546,24.797
2024-04-01,25.2349,24.954
2024-04-02,25.5256,25.804
2024-04-03,26.2182,26.945
2024-04-04,26.3414,27.14
2024-04-05,26.6711,27.4
2024-04-08,26.8053,27.712
2024-04-09,26.9062,27.891
2024-04-10,26.764,27.961
2024-04-11,26.9064,28.176
2024-04-12,27.0759,28.255
2024-04-15,27.4243,28.651
2024-04-16,27.4987,28.318
2024-04-17,27.4787,28.346
2024-04-18,27.7518,28.329
2024-04-19,28.059,28.808
2024-04-22,27.342,27.213
2024-04-23,27.2232,27.331
2024-04-24,27.0737,27.324
2024-04-25,27.3895,27.342
2024-04-26,27.3954,27.241
2024-04-29,27.6873,27.373
2024-04-30,26.9668,26.391
2024-05-01,27.0576,26.489
2024-05-02,26.9706,26.583
2024-05-03,27.1299,26.445
2024-05-06,27.4212,27.369
2024-05-07,27.3582,27.303
2024-05-08,27.2129,27.361
2024-05-09,27.3689,28.132
2024-05-10,27.8563,28.275
2024-05-13,27.8434,28.221
2024-05-14,28.2496,28.485
2024-05-15,28.5925,29.514
2024-05-16,28.3298,29.665
2024-05-17,28.8726,31.047
2024-05-20,29.0805,32.205
2024-05-21,29.0591,31.868
2024-05-22,28.332,31.295
2024-05-23,27.9126,30.284
2024-05-24,27.8109,30.33
2024-05-28,28.151,31.971
2024-05-29,27.8939,32.203
2024-05-30,27.5763,31.388
2024-05-31,27.3028,30.297
2024-06-03,27.5745,30.641
2024-06-04,27.1812,29.488
2024-06-05,27.5254,29.948
2024-06-06,27.8504,31.247
2024-06-07,26.9405,29.335
2024-06-10,27.1942,29.769
2024-06-11,27.0486,29.133
2024-06-12,27.4821,30.176
2024-06-13,27.0432,28.99
2024-06-14,27.4,29.402
2024-06-17,27.1116,29.325
2024-06-18,27.4691,29.505
2024-06-20,27.7877,30.776
2024-06-21,27.2214,29.573
2024-06-24,27.508,29.489
2024-06-25,27.0638,28.837
2024-06-26,26.8084,28.909
2024-06-27,26.8121,28.918
2024-06-28,26.9424,29.237
2024-07-01,26.9899,29.3
2024-07-02,27.0204,29.353
2024-07-03,27.6366,30.548
2024-07-05,28.1005,31.388
2024-07-08,27.731,30.618
2024-07-09,27.686,30.772
2024-07-10,27.8781,30.727
2024-07-11,28.0226,31.394
2024-07-12,28.2348,30.886
2024-07-15,28.0073,30.672
2024-07-16,28.2699,31.195
2024-07-17,28.1009,30.137
2024-07-18,27.6925,29.995
2024-07-19,26.9394,29.088
2024-07-22,26.9049,29.124
2024-07-23,26.9889,29.132
2024-07-24,26.8684,29.116
2024-07-25,26.4415,27.807
2024-07-26,26.5162,27.86
2024-07-29,26.2415,27.703
2024-07-30,26.3976,28.365
2024-07-31,26.8524,28.778
2024-08-01,26.6305,28.331
2024-08-02,26.624,28.246
2024-08-05,26.1386,27.076
2024-08-06,26.0348,27.096
2024-08-07,25.734,26.83
2024-08-08,25.9878,27.5
2024-08-09,26.2235,27.487
2024-08-12,26.7868,27.917
2024-08-13,26.7088,27.695
2024-08-14,26.3647,27.254
2024-08-15,26.7273,28.342
2024-08-16,27.0989,28.778
2024-08-19,27.3605,29.24
2024-08-20,27.3675,29.455
2024-08-21,27.5083,29.476
2024-08-22,27.0365,29.006
2024-08-23,27.5498,29.786
2024-08-26,27.7256,29.977
2024-08-27,27.7891,29.951
2024-08-28,27.3082,29.176
2024-08-29,27.5719,29.557
2024-08-30,27.2743,28.731
2024-09-03,26.8122,27.951
2024-09-04,26.7691,28.167
2024-09-05,27.1514,28.72
2024-09-06,26.7339,27.808
2024-09-09,27.093,28.291
2024-09-10,26.9034,28.257
2024-09-11,27.0113,28.563
2024-09-12,27.5989,29.743
2024-09-13,27.9681,30.699
2024-09-16,28.2076,30.771
2024-09-17,28.1279,30.619
2024-09-18,28.3096,30.341
2024-09-19,28.6315,31.094
2024-09-20,28.834,31.176
2024-09-23,28.8927,30.767
2024-09-24,29.507,32.111
2024-09-25,29.5252,31.698
2024-09-26,29.9584,32.025
2024-09-27,29.6752,31.519
2024-09-30,29.4764,31.164
2024-10-01,29.7264,31.445
2024-10-02,29.5864,31.628
2024-10-03,29.4939,32.189
2024-10-04,29.5122,32.128
2024-10-07,29.43,31.745
2024-10-08,28.8462,30.355
2024-10-09,28.6344,30.425
2024-10-10,28.7733,31.005
2024-10-11,29.2808,31.52
2024-10-14,29.0297,31.083
2024-10-15,28.9701,31.527
2024-10-16,29.1466,31.76
2024-10-17,29.1643,31.573
2024-10-18,29.5635,33.032
2024-10-21,29.6154,33.869
2024-10-22,29.8796,34.831
2024-10-23,29.5329,33.64
2024-10-24,29.6821,33.611
2024-10-25,29.7947,33.603
2024-10-28,29.8292,33.83
2024-10-29,29.9442,34.269
2024-10-30,29.9743,33.914
2024-10-31,29.6117,32.653
2024-11-01,29.7547,32.542
2024-11-04,29.893,32.48
2024-11-05,30.0538,32.655
2024-11-06,28.8527,31.221
2024-11-07,29.7119,31.765
2024-11-08,29.2981,31.359
2024-11-11,28.4099,30.54
2024-11-12,28.115,30.686
2024-11-13,27.8411,30.59
2024-11-14,27.8271,30.508
2024-11-15,27.7589,30.371
2024-11-18,28.2226,31.163
2024-11-19,28.3348,31.208
2024-11-20,28.4656,30.956
2024-11-21,28.4906,30.912
2024-11-22,28.7395,31.309
2024-11-25,28.0993,30.21
2024-11-26,27.9034,30.388
2024-11-27,28.2063,30.111
2024-11-29,28.3949,30.685
2024-12-02,28.2215,30.449
2024-12-03,28.5885,31.077
2024-12-04,28.6242,31.505
2024-12-05,28.3817,31.134
2024-12-06,28.52,31.186
2024-12-09,28.943,32.216
2024-12-10,29.274,32.363
2024-12-11,29.4614,32.562
2024-12-12,29.03,31.228
2024-12-13,28.7585,30.655
2024-12-16,28.6321,30.697
2024-12-17,28.386,30.573
2024-12-18,28.3059,30.41
2024-12-19,27.7561,29.094
2024-12-20,28.0782,29.66
2024-12-23,27.8721,29.888
2024-12-24,27.9592,29.974
2024-12-26,28.2815,30.047
2024-12-27,28.1096,29.655
2024-12-30,27.84,29.106
2024-12-31,27.9283,28.94
